age,weight_kg,training_hours,training_days,sleep_hours,rest_days,intensity,weekly_load,pain,competition_minutes,risk
20.0,74.4,6.9,5.0,8.9,2.0,8.0,1800.0,0.0,21.0,Bajo
35.0,81.4,5.0,3.0,7.8,4.0,8.0,1800.0,0.0,76.0,Bajo
33.0,85.6,9.1,3.0,7.2,4.0,7.0,1800.0,3.0,61.0,Medio
28.0,68.9,11.3,6.0,6.5,1.0,6.0,1800.0,2.0,48.0,Medio
27.0,91.4,5.6,6.0,7.6,1.0,8.0,1800.0,0.0,52.0,Medio
37.0,82.8,8.5,2.0,8.4,5.0,9.0,1800.0,2.0,137.0,Medio
19.0,57.4,6.3,2.0,6.2,5.0,7.0,1800.0,0.0,242.0,Bajo
34.0,56.5,8.1,5.0,7.2,2.0,10.0,1800.0,6.0,157.0,Medio
22.0,81.8,11.7,6.0,8.2,1.0,8.0,1800.0,1.0,179.0,Alto
20.0,79.1,8.5,1.0,4.9,6.0,7.0,1800.0,4.0,74.0,Medio
30.0,80.7,1.7,6.0,7.1,1.0,7.0,1280.0,4.0,107.0,Medio
40.0,81.6,8.4,3.0,6.7,4.0,7.0,1800.0,0.0,130.0,Medio
34.0,84.9,10.7,4.0,7.0,3.0,4.0,1800.0,2.0,54.0,Medio
35.0,94.3,6.3,1.0,6.6,6.0,6.0,1800.0,3.0,70.0,Medio
34.0,67.6,10.0,5.0,7.4,2.0,7.0,1800.0,2.0,160.0,Medio
36.0,66.8,4.9,5.0,9.5,2.0,6.0,1800.0,3.0,176.0,Medio
29.0,67.8,2.5,4.0,6.8,3.0,7.0,1625.0,0.0,105.0,Bajo
20.0,85.8,7.4,5.0,7.6,2.0,7.0,1800.0,3.0,16.0,Medio
37.0,98.2,1.7,6.0,9.6,1.0,8.0,1485.0,1.0,79.0,Bajo
28.0,76.4,6.3,6.0,6.5,1.0,8.0,1800.0,3.0,0.0,Medio
29.0,50.0,10.9,5.0,9.4,2.0,7.0,1800.0,4.0,105.0,Medio
26.0,59.8,1.3,6.0,7.2,1.0,4.0,544.0,4.0,118.0,Bajo
22.0,71.2,3.2,5.0,9.3,2.0,10.0,1800.0,3.0,81.0,Bajo
39.0,74.7,3.9,5.0,8.1,2.0,6.0,1800.0,3.0,117.0,Bajo
35.0,76.7,6.8,4.0,7.6,3.0,6.0,1800.0,4.0,129.0,Alto
32.0,82.5,5.9,5.0,7.1,2.0,6.0,1800.0,5.0,118.0,Medio
27.0,77.9,11.2,1.0,6.5,6.0,6.0,1800.0,2.0,16.0,Bajo
36.0,95.6,9.9,4.0,7.3,3.0,9.0,1800.0,3.0,82.0,Medio
30.0,73.2,8.5,3.0,8.3,4.0,9.0,1800.0,4.0,129.0,Alto
28.0,70.8,7.4,6.0,7.2,1.0,7.0,1800.0,1.0,211.0,Medio
28.0,88.2,8.2,1.0,6.8,6.0,6.0,1800.0,0.0,81.0,Bajo
23.0,62.0,4.4,4.0,6.9,3.0,8.0,1800.0,3.0,139.0,Alto
20.0,87.1,9.6,2.0,8.4,5.0,7.0,1800.0,2.0,161.0,Bajo
30.0,83.3,3.7,6.0,8.7,1.0,6.0,1800.0,0.0,86.0,Bajo
38.0,80.1,9.5,6.0,6.4,1.0,7.0,1800.0,3.0,180.0,Medio
19.0,102.6,10.6,2.0,6.4,5.0,6.0,1800.0,5.0,184.0,Medio
37.0,73.9,7.6,6.0,7.7,1.0,7.0,1800.0,0.0,197.0,Medio
37.0,108.8,6.5,3.0,9.0,4.0,7.0,1800.0,4.0,132.0,Bajo
24.0,79.1,8.2,6.0,8.6,1.0,8.0,1800.0,0.0,265.0,Medio
32.0,65.4,1.0,5.0,5.7,2.0,5.0,434.0,1.0,57.0,Bajo
21.0,82.9,7.9,1.0,6.9,6.0,8.0,1800.0,6.0,249.0,Medio
35.0,68.0,6.7,2.0,6.1,5.0,5.0,1800.0,2.0,154.0,Bajo
34.0,72.2,6.8,3.0,6.9,4.0,5.0,1800.0,2.0,194.0,Medio
26.0,87.2,9.1,2.0,9.1,5.0,6.0,1800.0,4.0,78.0,Bajo
19.0,89.2,6.8,1.0,5.5,6.0,5.0,1800.0,0.0,159.0,Bajo
40.0,73.9,3.6,6.0,5.3,1.0,8.0,1800.0,2.0,200.0,Medio
28.0,94.8,6.6,6.0,6.2,1.0,5.0,1800.0,2.0,24.0,Medio
38.0,97.0,7.2,3.0,7.5,4.0,5.0,1800.0,6.0,89.0,Medio
33.0,100.7,7.3,2.0,7.9,5.0,9.0,1800.0,0.0,0.0,Bajo
35.0,88.9,7.5,2.0,7.7,5.0,5.0,1800.0,1.0,88.0,Bajo
35.0,99.7,10.1,6.0,8.6,1.0,6.0,1800.0,0.0,43.0,Bajo
22.0,57.5,3.7,2.0,5.1,5.0,5.0,1800.0,0.0,85.0,Bajo
26.0,77.9,7.5,1.0,8.6,6.0,8.0,1800.0,4.0,300.0,Medio
28.0,70.7,10.9,3.0,6.8,4.0,8.0,1800.0,2.0,220.0,Alto
29.0,83.5,1.8,3.0,8.1,4.0,8.0,1325.0,1.0,0.0,Bajo
19.0,74.6,7.5,4.0,5.6,3.0,7.0,1800.0,1.0,139.0,Bajo
30.0,79.8,5.2,3.0,7.2,4.0,7.0,1800.0,1.0,156.0,Medio
21.0,106.5,5.9,6.0,7.5,1.0,6.0,1800.0,1.0,76.0,Bajo
35.0,79.8,4.3,4.0,8.6,3.0,5.0,1800.0,0.0,112.0,Bajo
33.0,87.4,6.5,6.0,5.3,1.0,9.0,1800.0,2.0,119.0,Alto
39.0,79.0,12.5,3.0,7.2,4.0,8.0,1800.0,1.0,6.0,Medio
35.0,83.0,3.2,4.0,5.9,3.0,5.0,1350.0,1.0,28.0,Bajo
26.0,82.1,3.5,3.0,7.8,4.0,7.0,1800.0,3.0,112.0,Bajo
40.0,87.8,3.1,5.0,8.1,2.0,6.0,1800.0,3.0,107.0,Medio
27.0,97.1,12.2,5.0,8.7,2.0,4.0,1800.0,1.0,50.0,Medio
25.0,103.4,5.6,2.0,6.6,5.0,7.0,1800.0,2.0,44.0,Medio
38.0,86.0,6.9,6.0,8.3,1.0,6.0,1800.0,7.0,94.0,Medio
26.0,89.7,5.8,6.0,8.8,1.0,5.0,1800.0,6.0,162.0,Medio
19.0,67.0,4.2,6.0,5.2,1.0,4.0,1647.0,0.0,95.0,Medio
28.0,80.9,6.3,2.0,7.9,5.0,4.0,1800.0,0.0,214.0,Bajo
36.0,94.2,14.4,5.0,8.4,2.0,6.0,1800.0,0.0,51.0,Bajo
22.0,93.3,11.2,1.0,7.2,6.0,6.0,1800.0,4.0,114.0,Medio
28.0,84.8,4.4,1.0,5.7,6.0,5.0,1800.0,1.0,75.0,Bajo
20.0,93.5,8.9,6.0,8.3,1.0,8.0,1800.0,3.0,141.0,Alto
33.0,88.4,4.5,1.0,5.8,6.0,6.0,1800.0,6.0,45.0,Medio
28.0,97.6,1.7,6.0,7.0,1.0,8.0,1550.0,2.0,235.0,Medio
25.0,85.8,10.1,3.0,7.2,4.0,6.0,1800.0,4.0,0.0,Medio
23.0,77.4,10.5,2.0,8.1,5.0,5.0,1800.0,3.0,220.0,Bajo
30.0,86.4,10.1,1.0,6.4,6.0,7.0,1800.0,1.0,106.0,Bajo
33.0,50.0,5.6,5.0,6.4,2.0,4.0,1800.0,4.0,139.0,Bajo
39.0,87.0,6.5,5.0,7.3,2.0,7.0,1800.0,1.0,193.0,Bajo
28.0,50.0,9.2,3.0,8.4,4.0,5.0,1800.0,5.0,160.0,Bajo
21.0,59.6,8.2,5.0,9.9,2.0,8.0,1800.0,1.0,49.0,Bajo
37.0,87.9,5.8,2.0,5.4,5.0,6.0,1800.0,1.0,142.0,Medio
32.0,88.2,2.1,4.0,7.6,3.0,8.0,1800.0,0.0,231.0,Bajo
34.0,66.9,7.3,2.0,5.9,5.0,4.0,1800.0,0.0,38.0,Medio
20.0,72.7,10.2,4.0,8.4,3.0,5.0,1800.0,1.0,248.0,Bajo
25.0,99.8,3.4,1.0,6.1,6.0,7.0,1800.0,0.0,127.0,Bajo
35.0,75.7,8.9,3.0,6.4,4.0,9.0,1800.0,2.0,70.0,Medio
37.0,111.2,8.0,4.0,6.5,3.0,9.0,1800.0,1.0,37.0,Medio
28.0,82.0,9.3,4.0,7.1,3.0,7.0,1800.0,4.0,84.0,Medio
36.0,87.3,9.6,3.0,7.6,4.0,10.0,1800.0,3.0,0.0,Medio
37.0,103.0,4.9,4.0,7.8,3.0,6.0,1800.0,1.0,71.0,Bajo
26.0,83.7,2.1,4.0,7.2,3.0,8.0,1775.0,1.0,82.0,Bajo
38.0,69.0,5.4,2.0,5.6,5.0,5.0,1800.0,2.0,25.0,Medio
24.0,80.6,9.7,2.0,8.1,5.0,7.0,1800.0,5.0,152.0,Bajo
23.0,81.5,5.4,4.0,7.1,3.0,2.0,1024.0,1.0,85.0,Bajo
33.0,64.3,4.9,6.0,8.6,1.0,4.0,1800.0,1.0,55.0,Bajo
32.0,78.7,1.5,5.0,6.4,2.0,7.0,1057.0,0.0,77.0,Bajo
21.0,72.4,12.3,4.0,5.3,3.0,4.0,1800.0,0.0,125.0,Bajo
37.0,94.0,9.5,6.0,7.2,1.0,7.0,1800.0,3.0,105.0,Alto
22.0,82.4,9.3,6.0,8.8,1.0,8.0,1800.0,3.0,51.0,Alto
36.0,78.3,9.9,4.0,7.4,3.0,6.0,1800.0,5.0,109.0,Medio
18.0,80.6,8.7,1.0,7.0,6.0,5.0,1800.0,4.0,96.0,Medio
36.0,84.9,6.3,4.0,6.2,3.0,6.0,1800.0,7.0,20.0,Medio
36.0,90.0,6.5,4.0,9.3,3.0,5.0,1800.0,2.0,80.0,Bajo
35.0,69.0,5.7,2.0,6.0,5.0,6.0,1800.0,2.0,141.0,Bajo
33.0,68.5,14.9,6.0,6.3,1.0,7.0,1800.0,0.0,140.0,Medio
28.0,96.4,8.7,6.0,7.9,1.0,6.0,1800.0,4.0,84.0,Alto
34.0,76.6,5.6,2.0,5.0,5.0,10.0,1800.0,2.0,147.0,Medio
24.0,63.6,8.4,3.0,8.7,4.0,5.0,1800.0,4.0,31.0,Bajo
35.0,87.8,4.0,2.0,7.9,5.0,9.0,1800.0,0.0,34.0,Bajo
30.0,88.0,11.5,2.0,8.3,5.0,5.0,1800.0,3.0,82.0,Bajo
28.0,62.1,5.0,2.0,7.9,5.0,7.0,1800.0,3.0,205.0,Bajo
29.0,85.0,8.5,3.0,7.0,4.0,9.0,1800.0,2.0,111.0,Medio
31.0,91.6,10.2,2.0,5.9,5.0,9.0,1800.0,1.0,81.0,Bajo
18.0,86.9,8.2,1.0,7.0,6.0,6.0,1800.0,5.0,208.0,Medio
21.0,90.2,7.3,3.0,6.0,4.0,7.0,1800.0,6.0,80.0,Medio
23.0,63.7,7.0,4.0,7.8,3.0,7.0,1800.0,0.0,256.0,Medio
20.0,86.3,6.8,2.0,8.2,5.0,6.0,1800.0,4.0,64.0,Bajo
28.0,78.1,5.3,4.0,9.0,3.0,8.0,1800.0,0.0,29.0,Medio
33.0,75.7,5.7,2.0,7.6,5.0,10.0,1800.0,4.0,88.0,Medio
33.0,93.3,11.4,5.0,8.3,2.0,7.0,1800.0,0.0,83.0,Medio
28.0,101.2,6.7,4.0,6.8,3.0,8.0,1800.0,1.0,43.0,Medio
37.0,105.3,4.6,6.0,6.6,1.0,8.0,1800.0,0.0,282.0,Alto
31.0,99.1,5.5,1.0,7.8,6.0,4.0,1800.0,2.0,122.0,Bajo
19.0,80.6,10.3,6.0,6.7,1.0,7.0,1800.0,4.0,132.0,Alto
35.0,86.6,9.0,3.0,7.5,4.0,5.0,1800.0,0.0,68.0,Medio
31.0,92.0,8.7,1.0,5.9,6.0,5.0,1800.0,1.0,60.0,Medio
32.0,83.6,6.2,5.0,6.1,2.0,10.0,1800.0,1.0,172.0,Medio
31.0,83.7,8.7,2.0,8.0,5.0,6.0,1800.0,5.0,0.0,Bajo
30.0,92.7,5.1,2.0,8.3,5.0,5.0,1800.0,3.0,20.0,Bajo
20.0,81.2,6.2,6.0,6.0,1.0,9.0,1800.0,0.0,83.0,Medio
30.0,72.5,9.9,2.0,8.0,5.0,5.0,1800.0,1.0,195.0,Medio
36.0,76.6,9.6,4.0,6.6,3.0,6.0,1800.0,5.0,74.0,Medio
24.0,90.2,4.1,2.0,7.2,5.0,9.0,1800.0,4.0,129.0,Bajo
31.0,82.0,4.4,1.0,8.9,6.0,7.0,1800.0,0.0,102.0,Bajo
18.0,86.4,7.3,1.0,8.2,6.0,4.0,1800.0,2.0,191.0,Bajo
25.0,90.7,12.2,1.0,8.2,6.0,7.0,1800.0,2.0,0.0,Bajo
28.0,77.1,1.3,3.0,9.5,4.0,6.0,694.0,1.0,152.0,Bajo
40.0,91.8,7.8,3.0,6.4,4.0,9.0,1800.0,0.0,86.0,Medio
22.0,86.9,2.9,1.0,6.0,6.0,5.0,1265.0,1.0,165.0,Bajo
24.0,65.9,5.1,3.0,6.3,4.0,8.0,1800.0,5.0,43.0,Alto
27.0,100.7,5.9,2.0,6.9,5.0,10.0,1800.0,1.0,102.0,Bajo
40.0,75.5,5.7,4.0,4.4,3.0,5.0,1800.0,2.0,93.0,Alto
37.0,60.5,5.4,6.0,7.0,1.0,6.0,1800.0,2.0,30.0,Medio
18.0,68.4,7.0,5.0,6.5,2.0,7.0,1800.0,7.0,10.0,Medio
23.0,68.7,5.4,6.0,8.1,1.0,5.0,1800.0,2.0,59.0,Medio
36.0,82.7,2.6,2.0,7.6,5.0,7.0,1692.0,4.0,109.0,Medio
19.0,78.4,9.3,2.0,6.5,5.0,6.0,1800.0,1.0,47.0,Bajo
37.0,77.6,9.3,5.0,7.9,2.0,6.0,1800.0,2.0,77.0,Bajo
24.0,90.1,9.5,2.0,8.1,5.0,7.0,1800.0,2.0,0.0,Bajo
39.0,86.4,2.4,6.0,6.3,1.0,7.0,1660.0,1.0,74.0,Alto
24.0,86.1,7.9,3.0,6.6,4.0,7.0,1800.0,2.0,172.0,Bajo
27.0,87.3,9.0,2.0,7.2,5.0,5.0,1800.0,4.0,149.0,Medio
33.0,90.0,3.9,6.0,5.9,1.0,6.0,1800.0,1.0,94.0,Medio
20.0,54.6,7.0,4.0,6.3,3.0,6.0,1800.0,2.0,117.0,Bajo
30.0,77.3,6.7,5.0,7.3,2.0,6.0,1800.0,4.0,42.0,Bajo
29.0,53.7,12.5,3.0,6.1,4.0,6.0,1800.0,1.0,214.0,Medio
36.0,82.5,12.8,1.0,6.6,6.0,7.0,1800.0,4.0,245.0,Medio
40.0,81.9,2.0,5.0,5.7,2.0,3.0,465.0,2.0,112.0,Bajo
33.0,95.6,14.5,1.0,7.4,6.0,5.0,1800.0,2.0,281.0,Medio
27.0,97.4,4.3,4.0,7.7,3.0,6.0,1800.0,0.0,52.0,Bajo
27.0,84.6,9.9,3.0,7.7,4.0,5.0,1800.0,1.0,12.0,Bajo
27.0,75.5,9.9,5.0,7.2,2.0,9.0,1800.0,3.0,50.0,Medio
36.0,88.3,4.0,6.0,5.4,1.0,7.0,1800.0,6.0,85.0,Medio
25.0,75.1,8.5,3.0,6.5,4.0,7.0,1800.0,3.0,262.0,Medio
21.0,82.0,6.7,6.0,6.7,1.0,6.0,1800.0,4.0,80.0,Medio
25.0,94.8,8.7,1.0,6.7,6.0,6.0,1800.0,0.0,40.0,Bajo
18.0,74.7,7.7,1.0,7.3,6.0,4.0,1800.0,2.0,37.0,Bajo
20.0,92.5,10.6,6.0,8.9,1.0,6.0,1800.0,5.0,180.0,Medio
20.0,90.8,7.2,4.0,8.2,3.0,5.0,1800.0,0.0,170.0,Bajo
35.0,69.6,6.5,3.0,6.0,4.0,6.0,1800.0,4.0,66.0,Medio
34.0,94.7,10.3,1.0,8.0,6.0,2.0,1800.0,4.0,0.0,Medio
34.0,91.1,8.7,2.0,8.0,5.0,4.0,1800.0,3.0,21.0,Bajo
28.0,83.3,9.2,5.0,6.2,2.0,9.0,1800.0,2.0,220.0,Medio
34.0,72.1,5.0,5.0,8.2,2.0,8.0,1800.0,0.0,148.0,Bajo
21.0,70.8,3.9,6.0,7.0,1.0,9.0,1800.0,6.0,105.0,Alto
38.0,75.0,5.3,3.0,5.5,4.0,9.0,1800.0,3.0,231.0,Medio
29.0,89.1,5.1,3.0,7.7,4.0,8.0,1800.0,3.0,237.0,Medio
39.0,69.6,9.4,1.0,7.5,6.0,6.0,1800.0,1.0,97.0,Bajo
21.0,87.7,9.9,1.0,6.9,6.0,5.0,1800.0,2.0,99.0,Medio
29.0,65.9,6.5,3.0,7.2,4.0,9.0,1800.0,3.0,59.0,Medio
34.0,79.3,11.3,4.0,6.3,3.0,7.0,1800.0,3.0,80.0,Alto
29.0,83.4,11.1,1.0,7.9,6.0,10.0,1800.0,4.0,0.0,Medio
28.0,113.8,7.7,3.0,7.1,4.0,6.0,1800.0,1.0,0.0,Medio
21.0,64.1,4.5,4.0,7.4,3.0,10.0,1800.0,0.0,0.0,Medio
26.0,101.1,11.7,5.0,7.6,2.0,6.0,1800.0,2.0,176.0,Alto
23.0,83.9,6.8,6.0,5.8,1.0,9.0,1800.0,0.0,0.0,Medio
24.0,87.3,7.4,3.0,6.1,4.0,10.0,1800.0,2.0,236.0,Alto
33.0,83.5,6.0,3.0,4.5,4.0,5.0,1800.0,1.0,49.0,Medio
32.0,87.8,4.3,6.0,7.9,1.0,6.0,1800.0,3.0,222.0,Alto
31.0,80.0,2.6,5.0,5.7,2.0,5.0,1112.0,6.0,74.0,Bajo
26.0,100.9,8.9,2.0,7.4,5.0,4.0,1800.0,0.0,0.0,Bajo
40.0,76.1,4.6,5.0,7.6,2.0,8.0,1800.0,7.0,190.0,Medio
20.0,96.7,16.2,1.0,7.9,6.0,6.0,1800.0,2.0,198.0,Medio
25.0,73.6,3.7,3.0,5.8,4.0,7.0,1800.0,3.0,37.0,Medio
20.0,81.2,3.2,2.0,7.1,5.0,8.0,1800.0,0.0,77.0,Bajo
25.0,68.1,8.5,6.0,9.2,1.0,3.0,1800.0,4.0,37.0,Bajo
40.0,87.9,11.6,1.0,9.3,6.0,9.0,1800.0,2.0,92.0,Medio
26.0,100.8,7.2,6.0,8.4,1.0,6.0,1800.0,2.0,108.0,Medio
38.0,81.0,8.7,2.0,7.6,5.0,7.0,1800.0,0.0,75.0,Bajo
29.0,79.4,1.5,1.0,6.0,6.0,8.0,1200.0,2.0,0.0,Bajo
34.0,67.5,5.0,4.0,8.1,3.0,9.0,1800.0,4.0,59.0,Medio
28.0,79.0,3.8,5.0,7.0,2.0,6.0,1800.0,2.0,149.0,Medio
24.0,61.3,1.3,1.0,7.9,6.0,3.0,286.0,5.0,85.0,Bajo
35.0,70.1,7.4,1.0,6.4,6.0,7.0,1800.0,4.0,77.0,Medio
40.0,84.9,1.0,1.0,7.0,6.0,7.0,747.0,1.0,35.0,Bajo
24.0,99.1,3.0,3.0,7.4,4.0,5.0,1537.0,5.0,57.0,Bajo
35.0,118.5,5.4,1.0,7.5,6.0,7.0,1800.0,2.0,199.0,Bajo
24.0,74.4,4.5,5.0,7.8,2.0,6.0,1800.0,2.0,20.0,Medio
34.0,100.7,8.2,1.0,6.5,6.0,4.0,1800.0,2.0,150.0,Bajo
36.0,85.2,7.9,5.0,5.6,2.0,8.0,1800.0,2.0,103.0,Medio
28.0,80.0,9.7,6.0,9.1,1.0,5.0,1800.0,0.0,117.0,Bajo
34.0,87.6,9.3,5.0,10.0,2.0,6.0,1800.0,2.0,49.0,Bajo
24.0,82.8,10.4,6.0,7.7,1.0,6.0,1800.0,0.0,75.0,Bajo
19.0,83.4,7.0,6.0,5.6,1.0,9.0,1800.0,5.0,100.0,Alto
20.0,76.7,7.9,1.0,6.3,6.0,6.0,1800.0,5.0,64.0,Medio
28.0,63.8,8.5,3.0,7.8,4.0,7.0,1800.0,4.0,123.0,Medio
38.0,61.9,7.4,5.0,8.8,2.0,6.0,1800.0,2.0,132.0,Medio
20.0,90.5,5.8,3.0,5.7,4.0,7.0,1800.0,0.0,252.0,Medio
28.0,78.4,6.0,5.0,7.1,2.0,9.0,1800.0,1.0,119.0,Medio
34.0,74.3,4.5,5.0,7.4,2.0,8.0,1800.0,6.0,0.0,Medio
22.0,82.1,8.3,6.0,8.2,1.0,8.0,1800.0,1.0,181.0,Alto
34.0,92.3,6.7,2.0,6.8,5.0,8.0,1800.0,0.0,86.0,Bajo
25.0,84.3,5.0,3.0,5.3,4.0,4.0,1800.0,4.0,241.0,Medio
36.0,73.5,5.0,1.0,7.9,6.0,5.0,1800.0,5.0,203.0,Bajo
31.0,97.9,3.4,2.0,8.5,5.0,6.0,1800.0,6.0,65.0,Medio
30.0,102.5,9.9,2.0,7.1,5.0,5.0,1800.0,4.0,151.0,Alto
22.0,88.4,7.2,3.0,7.7,4.0,5.0,1800.0,5.0,58.0,Medio
28.0,94.7,4.4,3.0,6.6,4.0,3.0,1443.0,2.0,100.0,Bajo
37.0,98.1,9.4,6.0,6.2,1.0,4.0,1800.0,0.0,147.0,Medio
18.0,96.7,5.3,5.0,8.4,2.0,6.0,1800.0,2.0,178.0,Bajo
35.0,90.0,2.8,5.0,7.7,2.0,6.0,1502.0,3.0,163.0,Bajo
29.0,89.8,10.1,1.0,7.8,6.0,5.0,1800.0,2.0,105.0,Bajo
34.0,88.8,5.4,3.0,9.0,4.0,7.0,1800.0,2.0,274.0,Medio
33.0,67.7,5.8,5.0,5.9,2.0,6.0,1800.0,0.0,74.0,Medio
27.0,91.1,7.1,2.0,6.5,5.0,8.0,1800.0,0.0,0.0,Bajo
25.0,64.4,10.4,3.0,7.4,4.0,6.0,1800.0,6.0,1.0,Medio
32.0,71.7,7.1,5.0,6.5,2.0,8.0,1800.0,6.0,203.0,Alto
21.0,98.9,3.4,5.0,8.1,2.0,7.0,1800.0,2.0,95.0,Bajo
31.0,92.9,8.6,6.0,7.0,1.0,4.0,1800.0,3.0,111.0,Medio
20.0,101.3,5.5,3.0,6.0,4.0,6.0,1800.0,0.0,62.0,Medio
32.0,78.5,12.7,3.0,7.3,4.0,4.0,1800.0,3.0,68.0,Medio
32.0,67.0,7.0,3.0,7.4,4.0,6.0,1800.0,6.0,45.0,Medio
19.0,78.9,1.0,5.0,8.3,2.0,5.0,370.0,0.0,133.0,Bajo
35.0,83.3,8.1,3.0,7.7,4.0,7.0,1800.0,3.0,93.0,Bajo
27.0,83.0,12.8,3.0,7.8,4.0,4.0,1800.0,3.0,130.0,Medio
36.0,96.7,11.7,2.0,7.6,5.0,7.0,1800.0,2.0,124.0,Bajo
18.0,77.3,12.5,3.0,7.0,4.0,8.0,1800.0,5.0,70.0,Alto
22.0,86.6,3.9,2.0,6.3,5.0,8.0,1800.0,6.0,0.0,Bajo
29.0,69.1,9.7,4.0,7.5,3.0,5.0,1800.0,2.0,0.0,Medio
22.0,87.9,4.8,6.0,6.8,1.0,7.0,1800.0,4.0,300.0,Medio
25.0,82.0,7.7,5.0,9.2,2.0,7.0,1800.0,2.0,203.0,Medio
33.0,72.3,3.2,3.0,8.8,4.0,9.0,1800.0,1.0,194.0,Medio
21.0,78.9,5.1,6.0,8.0,1.0,4.0,1800.0,3.0,53.0,Medio
33.0,79.6,5.0,6.0,7.7,1.0,5.0,1800.0,4.0,101.0,Medio
20.0,78.5,9.7,3.0,7.1,4.0,10.0,1800.0,3.0,43.0,Medio
22.0,105.0,9.4,5.0,5.7,2.0,6.0,1800.0,0.0,8.0,Bajo
31.0,80.7,7.8,3.0,6.9,4.0,3.0,1800.0,1.0,59.0,Bajo
36.0,78.8,2.9,6.0,7.3,1.0,5.0,1589.0,1.0,193.0,Medio
21.0,54.7,6.1,3.0,7.5,4.0,2.0,887.0,1.0,159.0,Bajo
24.0,70.4,4.8,2.0,7.8,5.0,7.0,1800.0,3.0,32.0,Bajo
39.0,78.6,9.6,1.0,8.3,6.0,8.0,1800.0,3.0,78.0,Bajo
40.0,73.1,10.5,6.0,6.4,1.0,5.0,1800.0,4.0,152.0,Alto
31.0,100.0,10.2,2.0,6.4,5.0,6.0,1800.0,0.0,60.0,Bajo
28.0,79.9,4.7,5.0,8.9,2.0,8.0,1800.0,1.0,106.0,Bajo
25.0,98.7,1.0,1.0,8.1,6.0,3.0,159.0,5.0,128.0,Bajo
32.0,82.8,1.7,4.0,6.7,3.0,4.0,889.0,2.0,127.0,Bajo
31.0,82.5,11.3,3.0,7.1,4.0,6.0,1800.0,2.0,118.0,Bajo
24.0,80.8,5.8,3.0,7.1,4.0,5.0,1800.0,2.0,54.0,Medio
18.0,82.0,4.7,2.0,7.2,5.0,6.0,1800.0,4.0,61.0,Bajo
21.0,104.3,11.9,1.0,7.8,6.0,4.0,1800.0,5.0,21.0,Bajo
40.0,51.8,10.8,3.0,10.0,4.0,7.0,1800.0,4.0,0.0,Bajo
27.0,56.0,7.1,3.0,7.4,4.0,6.0,1800.0,2.0,92.0,Bajo
29.0,74.9,6.1,5.0,8.0,2.0,7.0,1800.0,0.0,157.0,Bajo
28.0,82.2,6.6,3.0,5.2,4.0,7.0,1800.0,6.0,3.0,Alto
36.0,91.0,7.7,2.0,6.6,5.0,7.0,1800.0,4.0,119.0,Medio
19.0,88.2,11.8,2.0,8.7,5.0,4.0,1800.0,1.0,155.0,Bajo
19.0,77.0,8.3,4.0,7.7,3.0,7.0,1800.0,5.0,0.0,Medio
24.0,95.2,9.2,3.0,3.5,4.0,6.0,1800.0,1.0,81.0,Alto
29.0,95.4,10.5,6.0,8.0,1.0,6.0,1800.0,5.0,215.0,Medio
33.0,84.4,3.5,3.0,9.5,4.0,8.0,1800.0,5.0,139.0,Bajo
29.0,94.5,9.3,4.0,4.8,3.0,5.0,1800.0,0.0,0.0,Medio
28.0,85.5,6.1,1.0,9.0,6.0,9.0,1800.0,3.0,146.0,Bajo
39.0,74.7,1.0,2.0,7.2,5.0,9.0,1097.0,4.0,48.0,Bajo
21.0,91.1,1.0,6.0,8.3,1.0,8.0,579.0,7.0,148.0,Bajo
31.0,83.4,3.9,3.0,7.2,4.0,5.0,1800.0,1.0,52.0,Bajo
30.0,82.0,8.6,3.0,4.4,4.0,3.0,1800.0,5.0,96.0,Medio
28.0,101.1,7.3,4.0,7.7,3.0,8.0,1800.0,2.0,62.0,Bajo
36.0,50.1,7.6,1.0,8.6,6.0,7.0,1800.0,0.0,100.0,Bajo
24.0,63.6,12.9,4.0,7.6,3.0,5.0,1800.0,2.0,60.0,Medio
39.0,66.6,3.2,3.0,7.9,4.0,9.0,1800.0,2.0,84.0,Medio
25.0,77.3,6.9,1.0,6.7,6.0,5.0,1800.0,0.0,18.0,Bajo
30.0,78.7,7.9,3.0,5.0,4.0,6.0,1800.0,3.0,134.0,Medio
29.0,62.4,4.8,3.0,8.0,4.0,7.0,1800.0,4.0,112.0,Bajo
37.0,69.2,7.1,2.0,9.3,5.0,4.0,1800.0,3.0,0.0,Bajo
28.0,70.8,2.2,4.0,8.6,3.0,6.0,1318.0,1.0,170.0,Bajo
24.0,113.9,11.2,5.0,4.8,2.0,8.0,1800.0,2.0,88.0,Alto
18.0,105.4,5.0,2.0,5.4,5.0,7.0,1800.0,2.0,111.0,Medio
26.0,76.6,13.1,6.0,6.2,1.0,9.0,1800.0,3.0,154.0,Alto
37.0,77.3,6.9,4.0,5.3,3.0,9.0,1800.0,4.0,123.0,Alto
18.0,67.1,10.1,5.0,7.3,2.0,7.0,1800.0,3.0,182.0,Medio
38.0,57.2,6.8,1.0,7.7,6.0,2.0,1490.0,0.0,79.0,Bajo
30.0,80.5,6.9,5.0,5.5,2.0,5.0,1800.0,1.0,172.0,Medio
21.0,69.0,5.2,3.0,8.1,4.0,8.0,1800.0,3.0,109.0,Bajo
24.0,80.9,7.4,5.0,7.9,2.0,4.0,1800.0,4.0,136.0,Bajo
30.0,61.2,8.0,5.0,6.5,2.0,6.0,1800.0,5.0,128.0,Medio
25.0,72.1,4.6,2.0,7.0,5.0,7.0,1800.0,6.0,187.0,Medio
20.0,83.9,6.6,2.0,4.9,5.0,9.0,1800.0,2.0,150.0,Alto
33.0,86.8,5.2,1.0,6.8,6.0,5.0,1800.0,4.0,69.0,Bajo
33.0,87.4,13.9,4.0,7.2,3.0,5.0,1800.0,0.0,55.0,Bajo
20.0,64.8,6.7,5.0,7.4,2.0,6.0,1800.0,3.0,97.0,Medio
24.0,93.1,11.6,3.0,7.7,4.0,7.0,1800.0,0.0,47.0,Medio
23.0,71.6,6.4,1.0,7.5,6.0,6.0,1800.0,2.0,26.0,Bajo
33.0,90.2,7.8,2.0,6.9,5.0,8.0,1800.0,8.0,0.0,Medio
34.0,81.9,3.0,3.0,7.5,4.0,5.0,1377.0,3.0,0.0,Bajo
34.0,64.1,5.7,6.0,8.4,1.0,7.0,1800.0,0.0,239.0,Medio
39.0,77.9,7.6,1.0,7.1,6.0,7.0,1800.0,3.0,54.0,Bajo
35.0,86.7,11.8,3.0,7.6,4.0,6.0,1800.0,1.0,233.0,Bajo
25.0,90.0,7.7,4.0,7.0,3.0,8.0,1800.0,0.0,128.0,Medio
20.0,80.2,11.2,2.0,6.4,5.0,7.0,1800.0,6.0,97.0,Alto
32.0,101.9,8.9,6.0,7.8,1.0,8.0,1800.0,4.0,0.0,Medio
39.0,95.1,11.9,6.0,6.5,1.0,7.0,1800.0,3.0,100.0,Medio
40.0,78.7,6.8,3.0,7.7,4.0,7.0,1800.0,1.0,232.0,Bajo
23.0,91.8,14.2,5.0,7.2,2.0,5.0,1800.0,2.0,209.0,Medio
23.0,107.1,5.5,5.0,6.8,2.0,5.0,1800.0,5.0,119.0,Alto
18.0,107.5,4.7,5.0,6.8,2.0,9.0,1800.0,3.0,20.0,Medio
21.0,66.0,3.4,2.0,6.6,5.0,8.0,1800.0,0.0,33.0,Bajo
30.0,70.0,14.0,1.0,5.2,6.0,5.0,1800.0,7.0,40.0,Alto
30.0,101.3,9.5,3.0,7.7,4.0,7.0,1800.0,3.0,189.0,Medio
26.0,68.2,6.0,1.0,7.5,6.0,2.0,1031.0,3.0,214.0,Bajo
25.0,64.8,10.7,2.0,8.2,5.0,5.0,1800.0,2.0,114.0,Bajo
37.0,75.7,9.1,4.0,6.6,3.0,8.0,1800.0,3.0,79.0,Medio
28.0,87.5,12.9,4.0,9.5,3.0,6.0,1800.0,4.0,208.0,Medio
36.0,80.7,2.4,2.0,6.7,5.0,7.0,1702.0,1.0,31.0,Bajo
40.0,73.5,6.2,1.0,6.1,6.0,1.0,443.0,0.0,104.0,Bajo
25.0,73.2,5.6,2.0,6.0,5.0,6.0,1800.0,3.0,132.0,Medio
22.0,72.7,1.1,3.0,5.1,4.0,7.0,771.0,5.0,40.0,Bajo
39.0,70.6,10.2,5.0,9.0,2.0,7.0,1800.0,1.0,55.0,Bajo
32.0,111.7,6.2,3.0,8.8,4.0,8.0,1800.0,1.0,50.0,Bajo
24.0,85.9,9.2,2.0,7.9,5.0,6.0,1800.0,5.0,199.0,Medio
32.0,93.5,14.1,4.0,6.1,3.0,6.0,1800.0,1.0,234.0,Alto
29.0,75.6,5.9,1.0,9.4,6.0,4.0,1800.0,1.0,108.0,Bajo
38.0,79.6,5.7,2.0,6.8,5.0,6.0,1800.0,1.0,81.0,Bajo
23.0,72.7,7.4,1.0,6.9,6.0,4.0,1800.0,2.0,58.0,Bajo
40.0,50.0,10.0,4.0,8.9,3.0,3.0,1800.0,0.0,100.0,Medio
39.0,64.1,5.3,3.0,8.0,4.0,5.0,1800.0,1.0,61.0,Medio
22.0,58.5,5.1,4.0,9.8,3.0,9.0,1800.0,3.0,93.0,Bajo
21.0,52.8,10.2,4.0,7.5,3.0,6.0,1800.0,3.0,129.0,Medio
30.0,66.5,8.1,3.0,6.7,4.0,7.0,1800.0,5.0,72.0,Medio
19.0,99.2,1.0,6.0,6.5,1.0,6.0,508.0,6.0,87.0,Bajo
24.0,81.4,3.3,6.0,5.0,1.0,3.0,1055.0,5.0,87.0,Medio
28.0,98.8,11.5,1.0,6.9,6.0,8.0,1800.0,4.0,78.0,Bajo
40.0,87.3,8.2,6.0,8.6,1.0,3.0,1800.0,2.0,69.0,Medio
40.0,92.2,4.7,2.0,7.9,5.0,6.0,1800.0,1.0,153.0,Bajo
21.0,70.3,6.5,2.0,7.2,5.0,6.0,1800.0,2.0,0.0,Bajo
38.0,88.8,7.0,4.0,6.0,3.0,7.0,1800.0,3.0,210.0,Medio
20.0,91.5,9.2,1.0,7.5,6.0,5.0,1800.0,4.0,109.0,Bajo
35.0,74.5,2.9,3.0,8.4,4.0,3.0,865.0,3.0,143.0,Bajo
37.0,89.3,4.5,2.0,7.7,5.0,5.0,1800.0,2.0,151.0,Bajo
38.0,89.4,7.8,3.0,7.4,4.0,5.0,1800.0,4.0,50.0,Bajo
23.0,74.9,6.7,5.0,6.2,2.0,5.0,1800.0,5.0,36.0,Medio
38.0,67.4,8.7,6.0,8.2,1.0,8.0,1800.0,4.0,28.0,Medio
20.0,66.6,3.3,2.0,3.5,5.0,4.0,1244.0,2.0,83.0,Bajo
29.0,83.1,8.1,4.0,7.7,3.0,7.0,1800.0,1.0,149.0,Medio
28.0,86.3,10.3,3.0,10.0,4.0,7.0,1800.0,0.0,59.0,Bajo
25.0,71.7,8.5,3.0,5.4,4.0,8.0,1800.0,1.0,143.0,Alto
18.0,82.3,7.4,4.0,6.9,3.0,6.0,1800.0,3.0,0.0,Medio
35.0,89.4,6.7,6.0,7.2,1.0,8.0,1800.0,3.0,73.0,Medio
25.0,90.0,4.5,3.0,6.6,4.0,6.0,1800.0,0.0,182.0,Bajo
33.0,102.2,6.8,1.0,8.4,6.0,7.0,1800.0,1.0,88.0,Bajo
27.0,98.6,10.8,6.0,7.8,1.0,4.0,1800.0,3.0,42.0,Medio
26.0,69.0,6.6,6.0,7.4,1.0,2.0,1408.0,0.0,54.0,Bajo
38.0,103.9,4.3,2.0,8.2,5.0,7.0,1800.0,3.0,0.0,Bajo
20.0,75.1,5.5,4.0,7.2,3.0,7.0,1800.0,2.0,29.0,Medio
34.0,95.6,7.6,6.0,10.0,1.0,7.0,1800.0,1.0,174.0,Medio
35.0,82.9,5.9,4.0,7.4,3.0,6.0,1800.0,2.0,59.0,Bajo
26.0,76.6,8.5,3.0,7.4,4.0,9.0,1800.0,3.0,67.0,Medio
24.0,58.5,8.6,6.0,7.2,1.0,6.0,1800.0,1.0,0.0,Medio
18.0,79.8,9.7,5.0,6.5,2.0,7.0,1800.0,2.0,0.0,Alto
39.0,61.7,11.3,4.0,8.6,3.0,8.0,1800.0,3.0,183.0,Medio
39.0,94.6,10.0,1.0,5.6,6.0,10.0,1800.0,1.0,143.0,Alto
23.0,101.7,4.2,3.0,4.6,4.0,6.0,1800.0,0.0,9.0,Bajo
18.0,71.6,4.3,5.0,7.2,2.0,5.0,1800.0,0.0,56.0,Bajo
20.0,85.9,6.8,2.0,8.8,5.0,4.0,1800.0,1.0,98.0,Medio
19.0,72.6,5.6,4.0,7.3,3.0,9.0,1800.0,0.0,16.0,Medio
37.0,73.8,3.6,4.0,6.8,3.0,7.0,1800.0,2.0,0.0,Medio
38.0,92.1,5.7,1.0,5.0,6.0,7.0,1800.0,6.0,89.0,Medio
21.0,81.5,5.6,4.0,7.7,3.0,10.0,1800.0,2.0,140.0,Medio
35.0,104.6,5.0,5.0,8.0,2.0,7.0,1800.0,2.0,141.0,Medio
22.0,75.7,6.1,2.0,5.1,5.0,4.0,1800.0,6.0,161.0,Medio
26.0,95.0,10.5,4.0,7.2,3.0,6.0,1800.0,3.0,0.0,Bajo
31.0,83.3,7.6,5.0,8.1,2.0,5.0,1800.0,1.0,104.0,Medio
34.0,92.3,14.4,1.0,8.6,6.0,6.0,1800.0,2.0,81.0,Bajo
38.0,76.2,7.5,4.0,7.9,3.0,6.0,1800.0,3.0,94.0,Medio
19.0,81.4,6.1,2.0,8.0,5.0,5.0,1800.0,6.0,85.0,Bajo
22.0,80.5,7.0,3.0,7.8,4.0,4.0,1800.0,1.0,54.0,Medio
24.0,71.1,7.8,4.0,8.2,3.0,9.0,1800.0,1.0,0.0,Medio
25.0,90.6,8.3,1.0,5.0,6.0,7.0,1800.0,0.0,181.0,Alto
40.0,90.5,13.2,1.0,5.4,6.0,6.0,1800.0,2.0,123.0,Bajo
35.0,89.7,4.5,3.0,6.3,4.0,8.0,1800.0,0.0,0.0,Medio
25.0,102.0,9.6,6.0,7.0,1.0,7.0,1800.0,1.0,133.0,Bajo
40.0,100.8,7.6,1.0,7.7,6.0,7.0,1800.0,0.0,69.0,Bajo
29.0,77.1,2.3,5.0,7.6,2.0,8.0,1800.0,4.0,71.0,Medio
29.0,86.8,9.3,1.0,8.5,6.0,7.0,1800.0,1.0,46.0,Bajo
27.0,73.9,10.8,3.0,8.6,4.0,8.0,1800.0,3.0,138.0,Medio
21.0,82.3,4.4,3.0,6.2,4.0,8.0,1800.0,0.0,44.0,Bajo
39.0,74.2,7.0,3.0,7.2,4.0,7.0,1800.0,2.0,23.0,Bajo
18.0,103.1,1.8,1.0,6.2,6.0,6.0,1062.0,0.0,179.0,Bajo
22.0,86.7,3.2,5.0,7.0,2.0,9.0,1800.0,1.0,87.0,Medio
23.0,79.2,10.1,2.0,7.6,5.0,6.0,1800.0,7.0,90.0,Alto
24.0,97.5,5.6,5.0,3.5,2.0,7.0,1800.0,4.0,148.0,Alto
21.0,53.8,3.7,4.0,10.0,3.0,7.0,1800.0,2.0,53.0,Bajo
18.0,55.8,7.7,4.0,7.9,3.0,5.0,1800.0,9.0,67.0,Medio
33.0,92.3,5.4,2.0,6.5,5.0,5.0,1800.0,0.0,121.0,Bajo
40.0,82.8,5.6,4.0,9.5,3.0,6.0,1800.0,5.0,0.0,Medio
20.0,85.3,9.2,6.0,6.8,1.0,6.0,1800.0,0.0,115.0,Medio
24.0,64.8,3.5,6.0,7.4,1.0,4.0,1246.0,2.0,47.0,Bajo
29.0,81.7,4.3,6.0,6.6,1.0,5.0,1800.0,0.0,160.0,Medio
39.0,108.0,7.5,2.0,9.2,5.0,7.0,1800.0,3.0,138.0,Bajo
33.0,92.7,9.9,4.0,7.1,3.0,9.0,1800.0,2.0,129.0,Medio
35.0,84.2,10.7,3.0,7.4,4.0,7.0,1800.0,2.0,0.0,Medio
31.0,76.3,5.0,6.0,8.6,1.0,2.0,1075.0,4.0,93.0,Bajo
27.0,76.9,9.8,6.0,7.9,1.0,8.0,1800.0,1.0,18.0,Medio
22.0,54.3,4.6,6.0,7.2,1.0,5.0,1800.0,3.0,97.0,Medio
37.0,85.3,12.5,1.0,8.5,6.0,7.0,1800.0,4.0,0.0,Bajo
36.0,93.0,3.6,2.0,10.0,5.0,6.0,1800.0,0.0,0.0,Bajo
18.0,61.5,11.0,5.0,7.6,2.0,6.0,1800.0,1.0,183.0,Medio
34.0,73.4,5.0,5.0,7.3,2.0,6.0,1800.0,2.0,126.0,Medio
19.0,67.0,13.0,3.0,7.4,4.0,6.0,1800.0,3.0,75.0,Medio
34.0,69.5,8.8,1.0,8.8,6.0,9.0,1800.0,5.0,36.0,Medio
36.0,82.7,4.0,1.0,6.5,6.0,6.0,1800.0,2.0,24.0,Bajo
21.0,54.9,5.4,5.0,6.9,2.0,8.0,1800.0,2.0,114.0,Bajo
27.0,90.0,9.3,3.0,5.4,4.0,8.0,1800.0,0.0,76.0,Bajo
20.0,91.8,10.2,3.0,5.8,4.0,8.0,1800.0,3.0,208.0,Medio
31.0,78.7,6.8,5.0,6.6,2.0,3.0,1800.0,2.0,87.0,Bajo
39.0,50.0,7.1,1.0,7.1,6.0,9.0,1800.0,2.0,104.0,Medio
19.0,69.0,9.3,5.0,9.3,2.0,6.0,1800.0,2.0,3.0,Medio
27.0,98.0,7.4,2.0,7.8,5.0,8.0,1800.0,3.0,75.0,Medio
40.0,50.0,3.1,6.0,6.1,1.0,5.0,1490.0,1.0,112.0,Bajo
24.0,77.5,4.6,6.0,6.3,1.0,4.0,1800.0,1.0,74.0,Medio
21.0,66.7,7.7,4.0,8.8,3.0,10.0,1800.0,3.0,66.0,Medio
29.0,92.5,10.6,2.0,8.6,5.0,5.0,1800.0,0.0,123.0,Bajo
29.0,73.2,11.8,2.0,7.2,5.0,9.0,1800.0,1.0,206.0,Medio
33.0,87.3,9.3,2.0,6.7,5.0,7.0,1800.0,0.0,110.0,Medio
25.0,89.4,7.9,6.0,8.5,1.0,6.0,1800.0,5.0,180.0,Medio
39.0,105.9,9.2,2.0,6.0,5.0,6.0,1800.0,1.0,144.0,Medio
29.0,79.4,5.0,3.0,7.7,4.0,4.0,1800.0,1.0,176.0,Bajo
24.0,86.9,6.5,3.0,9.9,4.0,6.0,1800.0,2.0,57.0,Bajo
40.0,62.7,4.5,5.0,7.2,2.0,5.0,1800.0,1.0,86.0,Bajo
39.0,97.5,3.3,6.0,6.3,1.0,6.0,1800.0,1.0,86.0,Bajo
29.0,72.1,8.0,4.0,7.7,3.0,8.0,1800.0,2.0,138.0,Bajo
18.0,74.7,7.6,5.0,6.6,2.0,7.0,1800.0,1.0,155.0,Medio
31.0,81.7,9.1,4.0,5.5,3.0,4.0,1800.0,1.0,109.0,Bajo
30.0,61.7,8.6,3.0,8.0,4.0,8.0,1800.0,0.0,161.0,Medio
21.0,85.0,7.7,1.0,8.5,6.0,6.0,1800.0,0.0,61.0,Bajo
32.0,94.6,8.7,2.0,6.8,5.0,6.0,1800.0,2.0,162.0,Bajo
37.0,85.8,6.9,3.0,6.7,4.0,8.0,1800.0,3.0,171.0,Medio
20.0,61.3,8.2,1.0,6.0,6.0,6.0,1800.0,0.0,147.0,Bajo
34.0,80.4,4.8,2.0,7.0,5.0,4.0,1772.0,4.0,109.0,Medio
21.0,91.6,8.1,3.0,6.5,4.0,10.0,1800.0,4.0,150.0,Medio
35.0,57.6,9.0,3.0,6.0,4.0,6.0,1800.0,4.0,37.0,Medio
27.0,68.0,5.0,5.0,9.5,2.0,6.0,1800.0,3.0,114.0,Medio
18.0,93.4,7.2,6.0,7.8,1.0,6.0,1800.0,3.0,121.0,Medio
40.0,85.5,5.1,5.0,7.9,2.0,9.0,1800.0,7.0,7.0,Medio
21.0,87.4,5.4,1.0,8.3,6.0,6.0,1800.0,2.0,133.0,Bajo
31.0,106.2,3.6,3.0,8.1,4.0,4.0,1654.0,0.0,13.0,Bajo
22.0,88.1,10.8,5.0,6.7,2.0,5.0,1800.0,0.0,70.0,Bajo
39.0,90.6,10.2,4.0,7.5,3.0,9.0,1800.0,6.0,103.0,Alto
34.0,117.2,8.6,3.0,6.9,4.0,8.0,1800.0,6.0,49.0,Alto
36.0,79.2,12.9,3.0,7.7,4.0,6.0,1800.0,0.0,106.0,Medio
27.0,71.6,6.4,3.0,7.6,4.0,9.0,1800.0,1.0,105.0,Bajo
28.0,87.6,16.1,4.0,6.7,3.0,8.0,1800.0,2.0,43.0,Medio
32.0,87.7,6.3,2.0,5.6,5.0,6.0,1800.0,5.0,140.0,Medio
36.0,75.2,7.8,4.0,7.4,3.0,6.0,1800.0,0.0,47.0,Bajo
37.0,68.6,5.8,2.0,7.0,5.0,7.0,1800.0,0.0,260.0,Medio
18.0,112.0,8.1,5.0,4.9,2.0,5.0,1800.0,7.0,92.0,Alto
33.0,86.2,9.5,6.0,7.8,1.0,7.0,1800.0,3.0,18.0,Medio
20.0,72.5,6.7,4.0,8.4,3.0,7.0,1800.0,3.0,31.0,Bajo
24.0,93.9,12.3,3.0,10.0,4.0,3.0,1800.0,2.0,180.0,Bajo
37.0,80.6,7.7,6.0,6.7,1.0,6.0,1800.0,3.0,71.0,Medio
23.0,78.7,7.8,4.0,6.6,3.0,6.0,1800.0,0.0,5.0,Bajo
36.0,89.3,4.3,3.0,5.9,4.0,8.0,1800.0,1.0,160.0,Medio
28.0,65.2,8.3,1.0,7.5,6.0,3.0,1800.0,2.0,71.0,Bajo
23.0,86.6,6.6,1.0,7.4,6.0,6.0,1800.0,0.0,146.0,Medio
25.0,106.9,5.2,2.0,6.2,5.0,6.0,1800.0,2.0,165.0,Bajo
30.0,88.1,4.7,2.0,7.0,5.0,8.0,1800.0,1.0,119.0,Medio
35.0,77.1,15.0,5.0,4.8,2.0,6.0,1800.0,2.0,268.0,Alto
31.0,75.4,6.2,4.0,8.3,3.0,10.0,1800.0,1.0,0.0,Bajo
39.0,76.7,2.6,6.0,6.3,1.0,8.0,1800.0,0.0,43.0,Bajo
37.0,78.7,4.9,4.0,7.2,3.0,6.0,1800.0,0.0,82.0,Bajo
35.0,77.1,6.8,6.0,5.5,1.0,7.0,1800.0,2.0,258.0,Medio
31.0,93.9,8.6,4.0,6.5,3.0,6.0,1800.0,2.0,226.0,Medio
24.0,59.5,8.7,3.0,6.9,4.0,8.0,1800.0,0.0,190.0,Medio
27.0,93.2,9.0,5.0,7.2,2.0,4.0,1800.0,2.0,44.0,Bajo
20.0,77.1,5.1,3.0,7.8,4.0,5.0,1800.0,2.0,53.0,Medio
26.0,86.9,8.0,2.0,8.9,5.0,7.0,1800.0,1.0,42.0,Bajo
39.0,67.3,4.4,3.0,8.1,4.0,9.0,1800.0,0.0,45.0,Bajo
27.0,99.3,5.1,4.0,8.4,3.0,3.0,1456.0,4.0,204.0,Bajo
20.0,98.2,4.2,3.0,8.9,4.0,9.0,1800.0,0.0,83.0,Bajo
32.0,94.5,3.4,5.0,7.9,2.0,6.0,1800.0,2.0,92.0,Bajo
40.0,62.3,10.2,6.0,7.2,1.0,3.0,1800.0,1.0,154.0,Medio
37.0,92.8,9.1,3.0,8.4,4.0,1.0,953.0,1.0,0.0,Bajo
24.0,87.3,9.9,2.0,8.5,5.0,4.0,1800.0,5.0,104.0,Medio
28.0,61.1,7.1,3.0,8.0,4.0,6.0,1800.0,3.0,23.0,Bajo
30.0,81.7,9.3,6.0,5.5,1.0,6.0,1800.0,4.0,79.0,Alto
23.0,86.7,1.7,2.0,6.2,5.0,8.0,1504.0,3.0,59.0,Bajo
24.0,89.2,9.6,6.0,6.9,1.0,6.0,1800.0,3.0,55.0,Medio
23.0,84.3,7.5,3.0,8.1,4.0,5.0,1800.0,0.0,116.0,Bajo
40.0,85.8,8.9,6.0,7.2,1.0,6.0,1800.0,2.0,115.0,Medio
35.0,101.2,8.1,5.0,8.6,2.0,7.0,1800.0,2.0,85.0,Medio
37.0,97.9,4.0,5.0,8.8,2.0,7.0,1800.0,5.0,126.0,Medio
36.0,50.0,2.5,6.0,8.6,1.0,5.0,1293.0,1.0,39.0,Bajo
40.0,77.9,4.9,2.0,8.6,5.0,8.0,1800.0,3.0,148.0,Bajo
20.0,79.9,8.7,4.0,6.0,3.0,5.0,1800.0,3.0,86.0,Medio
38.0,59.2,9.1,1.0,7.8,6.0,5.0,1800.0,5.0,66.0,Bajo
19.0,83.2,2.9,2.0,6.5,5.0,6.0,1594.0,2.0,44.0,Bajo
28.0,98.2,4.1,1.0,5.2,6.0,8.0,1800.0,4.0,83.0,Medio
31.0,67.9,4.8,5.0,6.9,2.0,6.0,1800.0,0.0,231.0,Medio
26.0,86.4,5.9,4.0,8.8,3.0,5.0,1800.0,0.0,96.0,Medio
21.0,70.1,2.9,5.0,7.8,2.0,8.0,1800.0,0.0,20.0,Bajo
22.0,73.3,2.7,2.0,9.6,5.0,10.0,1800.0,4.0,164.0,Medio
36.0,101.2,4.5,2.0,7.4,5.0,7.0,1800.0,4.0,67.0,Bajo
25.0,74.9,7.3,5.0,10.0,2.0,9.0,1800.0,4.0,120.0,Medio
25.0,88.0,3.5,5.0,7.4,2.0,8.0,1800.0,1.0,58.0,Bajo
39.0,57.7,6.7,6.0,7.2,1.0,5.0,1800.0,1.0,190.0,Bajo
21.0,106.2,10.2,1.0,5.7,6.0,7.0,1800.0,2.0,59.0,Medio
39.0,89.8,3.1,3.0,8.5,4.0,4.0,1211.0,5.0,198.0,Bajo
39.0,79.6,6.4,1.0,6.6,6.0,6.0,1800.0,6.0,27.0,Bajo
31.0,89.5,10.1,5.0,6.4,2.0,5.0,1800.0,4.0,79.0,Medio
21.0,63.7,5.7,1.0,8.7,6.0,6.0,1800.0,3.0,198.0,Bajo
21.0,97.4,5.3,5.0,8.6,2.0,5.0,1800.0,5.0,112.0,Bajo
24.0,77.8,10.5,1.0,8.6,6.0,6.0,1800.0,2.0,259.0,Bajo
31.0,79.3,6.1,1.0,6.8,6.0,7.0,1800.0,1.0,81.0,Bajo
21.0,75.6,10.3,6.0,7.1,1.0,6.0,1800.0,2.0,118.0,Medio
28.0,74.5,8.3,3.0,7.1,4.0,3.0,1800.0,0.0,233.0,Medio
20.0,91.0,6.0,3.0,8.1,4.0,5.0,1800.0,2.0,0.0,Bajo
30.0,85.3,8.4,4.0,9.1,3.0,4.0,1800.0,0.0,0.0,Bajo
18.0,90.5,8.0,2.0,7.6,5.0,7.0,1800.0,4.0,44.0,Bajo
34.0,81.9,10.1,5.0,9.6,2.0,7.0,1800.0,3.0,157.0,Medio
19.0,88.7,5.4,3.0,8.3,4.0,7.0,1800.0,5.0,0.0,Bajo
22.0,76.6,7.1,2.0,6.9,5.0,5.0,1800.0,0.0,142.0,Bajo
22.0,111.0,6.8,3.0,7.2,4.0,7.0,1800.0,6.0,137.0,Alto
37.0,61.6,9.1,1.0,9.2,6.0,6.0,1800.0,0.0,241.0,Bajo
19.0,98.4,3.9,2.0,9.6,5.0,4.0,1387.0,0.0,173.0,Bajo
27.0,99.8,10.1,4.0,8.6,3.0,8.0,1800.0,1.0,125.0,Bajo
31.0,70.9,8.4,1.0,7.2,6.0,8.0,1800.0,5.0,195.0,Bajo
29.0,111.0,3.0,1.0,6.9,6.0,8.0,1800.0,3.0,138.0,Medio
33.0,94.9,10.6,4.0,7.9,3.0,5.0,1800.0,2.0,68.0,Medio
36.0,94.6,13.7,3.0,9.2,4.0,9.0,1800.0,1.0,20.0,Bajo
27.0,82.4,10.0,1.0,7.7,6.0,6.0,1800.0,0.0,60.0,Bajo
37.0,79.2,11.3,5.0,7.7,2.0,8.0,1800.0,4.0,97.0,Medio
25.0,79.3,7.3,5.0,7.3,2.0,6.0,1800.0,4.0,112.0,Medio
40.0,87.1,2.0,1.0,6.8,6.0,6.0,1134.0,5.0,0.0,Bajo
29.0,100.2,1.5,2.0,7.0,5.0,2.0,171.0,3.0,85.0,Bajo
34.0,84.4,7.8,3.0,7.4,4.0,6.0,1800.0,0.0,102.0,Bajo
38.0,70.2,5.2,5.0,9.3,2.0,7.0,1800.0,2.0,138.0,Bajo
36.0,92.7,4.3,1.0,6.9,6.0,6.0,1800.0,3.0,214.0,Bajo
37.0,94.0,6.8,5.0,7.3,2.0,10.0,1800.0,1.0,113.0,Alto
30.0,90.5,8.8,2.0,6.2,5.0,4.0,1800.0,1.0,36.0,Bajo
18.0,91.7,2.6,1.0,8.1,6.0,5.0,1318.0,0.0,0.0,Bajo
29.0,78.5,5.7,6.0,8.8,1.0,5.0,1800.0,4.0,148.0,Medio
22.0,69.9,11.5,1.0,9.1,6.0,5.0,1800.0,3.0,39.0,Bajo
38.0,70.7,3.8,1.0,7.4,6.0,8.0,1800.0,3.0,161.0,Bajo
23.0,60.7,9.6,6.0,7.9,1.0,9.0,1800.0,1.0,198.0,Alto
23.0,85.1,5.5,4.0,7.0,3.0,5.0,1800.0,3.0,0.0,Medio
23.0,80.9,8.6,3.0,7.8,4.0,5.0,1800.0,0.0,139.0,Bajo
32.0,76.3,10.3,5.0,7.6,2.0,4.0,1800.0,2.0,190.0,Medio
31.0,50.0,9.2,4.0,7.3,3.0,9.0,1800.0,0.0,171.0,Medio
39.0,65.8,9.7,4.0,7.4,3.0,9.0,1800.0,0.0,0.0,Medio
27.0,96.6,3.5,1.0,7.7,6.0,6.0,1800.0,2.0,40.0,Bajo
24.0,73.4,10.3,4.0,6.8,3.0,4.0,1800.0,7.0,10.0,Alto
19.0,86.7,4.4,2.0,6.9,5.0,4.0,1719.0,0.0,137.0,Bajo
18.0,63.9,7.8,5.0,9.2,2.0,7.0,1800.0,0.0,129.0,Bajo
26.0,100.7,7.8,4.0,10.0,3.0,7.0,1800.0,3.0,0.0,Bajo
39.0,80.1,8.5,1.0,5.8,6.0,3.0,1800.0,6.0,79.0,Medio
30.0,85.8,8.0,6.0,5.7,1.0,6.0,1800.0,3.0,156.0,Alto
38.0,112.2,4.5,2.0,6.1,5.0,9.0,1800.0,4.0,110.0,Alto
20.0,101.7,3.0,2.0,7.1,5.0,6.0,1762.0,2.0,110.0,Bajo
20.0,78.0,9.6,6.0,8.3,1.0,9.0,1800.0,1.0,74.0,Medio
37.0,74.3,7.6,5.0,7.9,2.0,8.0,1800.0,2.0,26.0,Medio
20.0,77.8,10.4,6.0,7.4,1.0,5.0,1800.0,1.0,99.0,Medio
19.0,88.6,6.9,4.0,7.8,3.0,6.0,1800.0,4.0,104.0,Medio
27.0,80.6,2.8,6.0,6.4,1.0,6.0,1516.0,0.0,143.0,Medio
39.0,76.9,9.9,1.0,6.9,6.0,5.0,1800.0,4.0,149.0,Bajo
33.0,101.1,5.9,4.0,7.2,3.0,5.0,1800.0,2.0,106.0,Bajo
20.0,80.5,8.0,2.0,5.3,5.0,9.0,1800.0,2.0,177.0,Medio
37.0,111.9,5.1,3.0,5.8,4.0,5.0,1800.0,0.0,74.0,Bajo
37.0,83.2,11.9,2.0,5.9,5.0,8.0,1800.0,0.0,0.0,Bajo
36.0,105.2,4.4,2.0,8.1,5.0,6.0,1800.0,5.0,133.0,Medio
38.0,86.6,6.0,3.0,7.5,4.0,6.0,1800.0,2.0,109.0,Bajo
23.0,94.5,7.3,6.0,7.9,1.0,8.0,1800.0,3.0,135.0,Bajo
40.0,72.6,3.7,4.0,5.0,3.0,5.0,1785.0,0.0,11.0,Bajo
25.0,70.9,8.0,3.0,5.4,4.0,8.0,1800.0,2.0,225.0,Medio
36.0,88.0,11.8,3.0,8.0,4.0,3.0,1800.0,0.0,150.0,Bajo
31.0,94.9,5.5,4.0,3.9,3.0,7.0,1800.0,2.0,80.0,Medio
35.0,82.5,8.2,2.0,8.7,5.0,2.0,1581.0,3.0,35.0,Bajo
32.0,65.3,1.0,4.0,5.0,3.0,6.0,699.0,3.0,175.0,Bajo
32.0,64.3,6.9,5.0,8.2,2.0,8.0,1800.0,0.0,23.0,Bajo
32.0,63.4,6.1,2.0,6.1,5.0,8.0,1800.0,2.0,258.0,Bajo
35.0,59.0,4.5,4.0,8.5,3.0,4.0,1736.0,3.0,57.0,Bajo
34.0,83.4,10.2,5.0,10.0,2.0,4.0,1800.0,2.0,220.0,Bajo
21.0,96.6,6.0,4.0,4.5,3.0,5.0,1800.0,2.0,87.0,Medio
36.0,81.8,6.5,2.0,8.0,5.0,7.0,1800.0,6.0,211.0,Medio
30.0,52.6,5.9,4.0,5.0,3.0,3.0,1800.0,0.0,49.0,Bajo
25.0,79.5,1.2,5.0,7.7,2.0,6.0,703.0,4.0,101.0,Bajo
29.0,79.9,3.6,2.0,7.0,5.0,7.0,1800.0,0.0,156.0,Bajo
40.0,109.2,9.9,4.0,7.4,3.0,6.0,1800.0,4.0,146.0,Medio
37.0,63.1,1.0,5.0,6.1,2.0,7.0,632.0,4.0,177.0,Bajo
37.0,76.9,4.7,2.0,8.1,5.0,7.0,1800.0,1.0,66.0,Bajo
28.0,104.2,5.8,3.0,5.5,4.0,6.0,1800.0,0.0,106.0,Bajo
36.0,87.8,12.2,6.0,8.7,1.0,3.0,1800.0,0.0,187.0,Bajo
26.0,89.3,9.3,3.0,6.7,4.0,7.0,1800.0,1.0,51.0,Bajo
33.0,83.5,5.3,4.0,5.5,3.0,5.0,1800.0,3.0,140.0,Medio
32.0,86.3,10.9,1.0,9.1,6.0,5.0,1800.0,0.0,85.0,Bajo
23.0,92.1,4.8,6.0,7.1,1.0,7.0,1800.0,2.0,114.0,Medio
24.0,71.5,10.0,4.0,9.5,3.0,9.0,1800.0,0.0,106.0,Bajo
19.0,93.4,2.9,5.0,8.7,2.0,6.0,1728.0,2.0,45.0,Bajo
21.0,64.2,10.2,4.0,6.2,3.0,7.0,1800.0,0.0,82.0,Bajo
27.0,86.3,5.8,3.0,7.2,4.0,4.0,1800.0,2.0,110.0,Bajo
28.0,84.3,3.9,3.0,7.3,4.0,7.0,1800.0,1.0,93.0,Bajo
21.0,74.0,6.3,5.0,9.0,2.0,6.0,1800.0,0.0,210.0,Bajo
27.0,81.7,7.8,6.0,7.7,1.0,9.0,1800.0,1.0,171.0,Medio
31.0,73.9,5.5,1.0,7.4,6.0,6.0,1800.0,0.0,120.0,Bajo
23.0,68.1,8.7,6.0,7.0,1.0,6.0,1800.0,0.0,47.0,Bajo
25.0,77.4,5.3,5.0,7.1,2.0,8.0,1800.0,4.0,42.0,Medio
26.0,67.6,8.9,1.0,8.8,6.0,6.0,1800.0,1.0,238.0,Bajo
29.0,86.2,8.3,1.0,7.2,6.0,5.0,1800.0,0.0,29.0,Bajo
26.0,67.0,6.8,5.0,6.7,2.0,10.0,1800.0,1.0,108.0,Medio
34.0,91.3,5.7,6.0,6.5,1.0,5.0,1800.0,4.0,125.0,Medio
25.0,66.6,7.5,3.0,6.5,4.0,6.0,1800.0,1.0,78.0,Medio
27.0,74.6,8.7,4.0,5.5,3.0,7.0,1800.0,5.0,30.0,Medio
26.0,73.9,13.2,6.0,6.3,1.0,7.0,1800.0,0.0,45.0,Medio
22.0,99.2,9.8,2.0,9.0,5.0,6.0,1800.0,3.0,62.0,Bajo
33.0,86.3,9.9,2.0,7.0,5.0,6.0,1800.0,4.0,50.0,Medio
23.0,79.2,16.3,6.0,8.0,1.0,6.0,1800.0,3.0,193.0,Alto
24.0,88.5,8.5,2.0,4.2,5.0,4.0,1800.0,0.0,99.0,Bajo
36.0,54.6,8.5,3.0,7.9,4.0,10.0,1800.0,0.0,63.0,Bajo
39.0,81.4,9.1,3.0,7.0,4.0,6.0,1800.0,5.0,107.0,Alto
33.0,108.0,4.0,4.0,6.6,3.0,8.0,1800.0,1.0,147.0,Medio
39.0,83.7,5.7,2.0,7.4,5.0,6.0,1800.0,4.0,76.0,Bajo
37.0,82.9,5.5,5.0,7.2,2.0,6.0,1800.0,1.0,163.0,Medio
29.0,89.1,8.9,5.0,4.7,2.0,6.0,1800.0,2.0,11.0,Alto
35.0,93.6,6.5,2.0,8.3,5.0,4.0,1800.0,0.0,182.0,Bajo
25.0,56.0,7.4,3.0,7.5,4.0,6.0,1800.0,1.0,99.0,Medio
28.0,60.1,10.3,1.0,6.8,6.0,6.0,1800.0,0.0,97.0,Bajo
30.0,84.7,9.6,2.0,6.0,5.0,9.0,1800.0,3.0,51.0,Medio
40.0,72.7,6.5,6.0,5.4,1.0,6.0,1800.0,2.0,14.0,Medio
37.0,99.1,5.0,4.0,7.5,3.0,5.0,1800.0,3.0,0.0,Bajo
29.0,77.9,10.4,4.0,9.1,3.0,5.0,1800.0,1.0,47.0,Bajo
33.0,56.9,9.3,6.0,7.4,1.0,9.0,1800.0,0.0,141.0,Medio
22.0,65.5,2.2,5.0,5.5,2.0,5.0,920.0,3.0,33.0,Bajo
36.0,50.0,6.1,5.0,7.5,2.0,8.0,1800.0,0.0,0.0,Medio
30.0,79.0,7.5,5.0,7.1,2.0,8.0,1800.0,4.0,36.0,Alto
30.0,79.6,9.3,3.0,8.2,4.0,6.0,1800.0,2.0,73.0,Medio
35.0,76.5,9.7,4.0,7.9,3.0,4.0,1800.0,2.0,76.0,Medio
32.0,96.0,7.9,2.0,3.6,5.0,4.0,1800.0,3.0,91.0,Medio
19.0,97.6,8.8,6.0,7.9,1.0,8.0,1800.0,2.0,172.0,Medio
24.0,79.8,7.2,2.0,6.0,5.0,4.0,1800.0,0.0,187.0,Bajo
22.0,54.2,5.0,6.0,5.5,1.0,7.0,1800.0,0.0,240.0,Medio
34.0,90.0,6.2,6.0,7.0,1.0,7.0,1800.0,4.0,0.0,Bajo
18.0,89.2,7.1,1.0,7.7,6.0,7.0,1800.0,2.0,40.0,Bajo
22.0,86.0,6.9,5.0,5.2,2.0,7.0,1800.0,0.0,149.0,Medio
31.0,94.8,1.3,6.0,8.0,1.0,5.0,738.0,3.0,68.0,Bajo
33.0,66.9,5.8,4.0,8.1,3.0,5.0,1800.0,1.0,160.0,Medio
29.0,108.1,7.2,3.0,7.3,4.0,8.0,1800.0,0.0,114.0,Bajo
37.0,69.5,6.2,6.0,6.2,1.0,5.0,1800.0,0.0,211.0,Medio
39.0,91.7,6.3,4.0,6.0,3.0,2.0,1446.0,4.0,173.0,Bajo
21.0,60.1,8.5,1.0,8.4,6.0,8.0,1800.0,0.0,174.0,Bajo
39.0,69.9,3.8,2.0,5.4,5.0,5.0,1800.0,2.0,71.0,Bajo
32.0,101.7,2.1,5.0,8.5,2.0,7.0,1343.0,2.0,93.0,Bajo
32.0,78.6,6.0,3.0,7.0,4.0,9.0,1800.0,5.0,79.0,Medio
20.0,92.9,9.3,2.0,7.1,5.0,7.0,1800.0,3.0,0.0,Bajo
32.0,85.1,12.1,5.0,5.2,2.0,8.0,1800.0,1.0,203.0,Alto
34.0,80.6,9.3,1.0,7.0,6.0,7.0,1800.0,5.0,152.0,Medio
31.0,99.7,2.6,2.0,7.9,5.0,9.0,1800.0,0.0,76.0,Bajo
19.0,78.9,6.3,3.0,5.6,4.0,5.0,1800.0,3.0,191.0,Medio
30.0,58.9,7.8,1.0,7.8,6.0,6.0,1800.0,3.0,56.0,Bajo
39.0,71.6,7.5,3.0,7.3,4.0,8.0,1800.0,0.0,0.0,Bajo
34.0,89.2,8.6,6.0,6.4,1.0,6.0,1800.0,4.0,171.0,Medio
21.0,87.1,4.2,6.0,8.2,1.0,9.0,1800.0,1.0,11.0,Bajo
40.0,61.6,7.2,6.0,4.6,1.0,6.0,1800.0,4.0,86.0,Alto
40.0,72.6,8.3,2.0,7.6,5.0,10.0,1800.0,0.0,114.0,Bajo
21.0,74.4,9.5,1.0,9.1,6.0,10.0,1800.0,3.0,127.0,Bajo
36.0,77.2,4.6,5.0,8.9,2.0,7.0,1800.0,1.0,159.0,Bajo
27.0,64.1,6.0,3.0,7.7,4.0,7.0,1800.0,4.0,141.0,Bajo
31.0,73.8,1.0,5.0,6.8,2.0,9.0,953.0,2.0,138.0,Bajo
28.0,72.5,5.1,1.0,6.4,6.0,4.0,1800.0,5.0,45.0,Bajo
36.0,92.0,5.4,5.0,6.8,2.0,4.0,1800.0,3.0,121.0,Medio
40.0,92.5,3.9,4.0,7.9,3.0,9.0,1800.0,2.0,0.0,Alto
36.0,80.1,7.5,6.0,6.2,1.0,7.0,1800.0,4.0,209.0,Alto
39.0,76.9,6.8,1.0,8.1,6.0,6.0,1800.0,4.0,2.0,Bajo
39.0,83.8,1.0,3.0,9.8,4.0,7.0,701.0,3.0,76.0,Bajo
20.0,71.4,7.6,6.0,7.1,1.0,2.0,1493.0,0.0,8.0,Bajo
23.0,67.1,4.2,3.0,5.6,4.0,6.0,1800.0,0.0,49.0,Bajo
34.0,69.8,8.5,4.0,5.6,3.0,5.0,1800.0,5.0,101.0,Medio
31.0,73.7,3.2,1.0,8.1,6.0,8.0,1800.0,0.0,63.0,Bajo
19.0,66.9,7.1,5.0,7.1,2.0,8.0,1800.0,4.0,180.0,Alto
20.0,84.1,6.2,2.0,8.3,5.0,8.0,1800.0,4.0,116.0,Bajo
29.0,91.5,7.9,4.0,6.6,3.0,7.0,1800.0,1.0,68.0,Medio
32.0,61.4,7.4,6.0,8.2,1.0,4.0,1800.0,0.0,91.0,Bajo
21.0,82.3,6.2,4.0,7.0,3.0,8.0,1800.0,1.0,185.0,Medio
21.0,79.1,2.4,3.0,6.3,4.0,8.0,1800.0,6.0,164.0,Medio
20.0,86.4,2.6,2.0,6.7,5.0,9.0,1800.0,0.0,20.0,Bajo
30.0,81.8,5.2,3.0,5.8,4.0,10.0,1800.0,1.0,52.0,Medio
18.0,63.1,7.0,6.0,9.6,1.0,3.0,1800.0,0.0,133.0,Bajo
31.0,65.6,5.2,2.0,7.1,5.0,6.0,1800.0,5.0,125.0,Medio
28.0,82.4,8.9,4.0,8.0,3.0,5.0,1800.0,2.0,26.0,Medio
28.0,95.4,6.2,3.0,6.6,4.0,7.0,1800.0,1.0,152.0,Medio
33.0,53.2,4.1,2.0,5.9,5.0,7.0,1800.0,5.0,38.0,Medio
30.0,86.5,6.2,5.0,6.9,2.0,6.0,1800.0,3.0,191.0,Medio
34.0,97.5,7.7,3.0,8.5,4.0,8.0,1800.0,0.0,137.0,Bajo
35.0,80.0,8.0,2.0,6.6,5.0,5.0,1800.0,0.0,21.0,Bajo
39.0,89.2,12.6,4.0,6.2,3.0,5.0,1800.0,5.0,63.0,Medio
36.0,72.9,5.0,5.0,7.4,2.0,5.0,1800.0,2.0,62.0,Bajo
29.0,80.4,6.8,6.0,7.8,1.0,6.0,1800.0,0.0,111.0,Medio
29.0,60.9,8.3,4.0,9.2,3.0,4.0,1800.0,2.0,86.0,Bajo
23.0,51.5,6.9,4.0,7.6,3.0,6.0,1800.0,0.0,20.0,Medio
31.0,94.3,5.5,5.0,8.0,2.0,6.0,1800.0,0.0,2.0,Bajo
21.0,69.2,2.4,2.0,8.1,5.0,5.0,1271.0,0.0,138.0,Bajo
39.0,76.1,5.5,2.0,5.8,5.0,8.0,1800.0,0.0,120.0,Bajo
37.0,64.0,3.8,3.0,6.0,4.0,6.0,1800.0,0.0,107.0,Medio
20.0,63.7,1.8,4.0,5.9,3.0,8.0,1343.0,1.0,119.0,Bajo
36.0,79.7,4.6,4.0,5.6,3.0,6.0,1800.0,6.0,57.0,Medio
20.0,72.5,3.9,1.0,8.2,6.0,6.0,1800.0,2.0,113.0,Bajo
34.0,86.9,8.8,5.0,7.5,2.0,5.0,1800.0,2.0,278.0,Medio
20.0,87.9,8.8,3.0,7.3,4.0,6.0,1800.0,3.0,182.0,Medio
29.0,86.2,4.3,6.0,4.1,1.0,8.0,1800.0,2.0,80.0,Alto
33.0,85.1,6.2,5.0,9.7,2.0,6.0,1800.0,3.0,63.0,Bajo
34.0,102.5,1.4,6.0,6.1,1.0,7.0,1070.0,3.0,0.0,Medio
27.0,68.1,5.5,4.0,9.7,3.0,5.0,1800.0,2.0,175.0,Bajo
39.0,81.3,8.2,4.0,5.5,3.0,8.0,1800.0,8.0,155.0,Alto
35.0,96.7,9.5,2.0,6.2,5.0,5.0,1800.0,4.0,62.0,Bajo
22.0,98.4,4.9,3.0,4.6,4.0,8.0,1800.0,0.0,0.0,Bajo
33.0,63.5,10.2,6.0,7.6,1.0,7.0,1800.0,3.0,19.0,Medio
34.0,77.9,2.5,3.0,5.9,4.0,9.0,1800.0,1.0,131.0,Bajo
25.0,99.7,3.3,1.0,5.9,6.0,4.0,1227.0,3.0,94.0,Bajo
34.0,88.6,9.1,2.0,5.6,5.0,4.0,1800.0,0.0,148.0,Medio
38.0,84.5,12.0,4.0,8.1,3.0,5.0,1800.0,0.0,106.0,Medio
36.0,79.2,8.5,4.0,8.1,3.0,4.0,1800.0,3.0,168.0,Bajo
35.0,77.0,6.9,6.0,9.4,1.0,4.0,1800.0,4.0,126.0,Bajo
32.0,85.7,1.0,6.0,6.4,1.0,8.0,919.0,3.0,158.0,Bajo
24.0,78.7,1.0,4.0,7.5,3.0,6.0,658.0,4.0,0.0,Bajo
36.0,81.4,7.4,4.0,5.7,3.0,6.0,1800.0,3.0,14.0,Medio
26.0,83.0,5.9,5.0,6.8,2.0,6.0,1800.0,3.0,74.0,Medio
30.0,73.2,3.7,1.0,6.6,6.0,5.0,1800.0,1.0,176.0,Bajo
25.0,88.9,7.2,4.0,7.8,3.0,9.0,1800.0,4.0,232.0,Medio
25.0,119.9,7.3,3.0,8.4,4.0,5.0,1800.0,4.0,89.0,Bajo
21.0,58.9,9.8,5.0,8.4,2.0,4.0,1800.0,2.0,57.0,Bajo
40.0,86.2,7.4,5.0,6.2,2.0,8.0,1800.0,2.0,0.0,Medio
21.0,72.1,10.7,4.0,8.4,3.0,6.0,1800.0,5.0,160.0,Medio
19.0,89.5,7.0,4.0,7.1,3.0,10.0,1800.0,2.0,61.0,Medio
39.0,82.6,6.7,5.0,6.8,2.0,6.0,1800.0,2.0,300.0,Medio
30.0,91.9,10.2,4.0,6.3,3.0,8.0,1800.0,3.0,48.0,Alto
28.0,97.3,4.1,2.0,6.5,5.0,8.0,1800.0,2.0,247.0,Medio
34.0,84.5,15.4,2.0,9.3,5.0,6.0,1800.0,1.0,152.0,Medio
26.0,96.7,8.1,5.0,7.6,2.0,5.0,1800.0,3.0,28.0,Bajo
20.0,51.5,8.1,4.0,7.4,3.0,8.0,1800.0,2.0,116.0,Bajo
34.0,102.7,8.6,2.0,6.9,5.0,8.0,1800.0,6.0,154.0,Medio
22.0,86.9,12.6,6.0,10.0,1.0,4.0,1800.0,4.0,84.0,Medio
30.0,96.0,9.4,6.0,8.8,1.0,4.0,1800.0,1.0,159.0,Medio
39.0,66.1,2.2,4.0,6.3,3.0,2.0,403.0,4.0,157.0,Bajo
39.0,71.2,11.2,2.0,6.9,5.0,8.0,1800.0,3.0,142.0,Bajo
26.0,83.9,6.0,6.0,6.9,1.0,6.0,1800.0,5.0,99.0,Alto
35.0,81.8,7.3,2.0,7.4,5.0,6.0,1800.0,1.0,18.0,Bajo
32.0,85.7,3.2,3.0,6.4,4.0,3.0,927.0,3.0,95.0,Bajo
29.0,96.1,8.6,6.0,7.7,1.0,5.0,1800.0,2.0,112.0,Medio
21.0,59.1,5.0,4.0,8.9,3.0,6.0,1800.0,2.0,0.0,Bajo
26.0,94.7,7.3,2.0,5.6,5.0,5.0,1800.0,0.0,112.0,Bajo
32.0,82.1,6.1,1.0,5.8,6.0,7.0,1800.0,3.0,93.0,Medio
40.0,79.4,12.8,3.0,6.6,4.0,8.0,1800.0,3.0,9.0,Medio
18.0,62.9,12.9,5.0,6.7,2.0,10.0,1800.0,5.0,77.0,Medio
34.0,88.5,7.1,5.0,9.6,2.0,6.0,1800.0,2.0,78.0,Bajo
37.0,50.6,7.2,2.0,8.4,5.0,9.0,1800.0,1.0,235.0,Bajo
39.0,90.4,5.9,1.0,8.3,6.0,5.0,1800.0,4.0,115.0,Bajo
27.0,62.6,10.3,5.0,6.9,2.0,3.0,1800.0,1.0,173.0,Medio
20.0,82.7,6.0,1.0,6.9,6.0,6.0,1800.0,4.0,92.0,Bajo
24.0,80.5,5.7,1.0,5.5,6.0,4.0,1800.0,4.0,0.0,Bajo
37.0,97.2,9.9,3.0,8.1,4.0,7.0,1800.0,5.0,147.0,Medio
38.0,79.7,5.4,4.0,7.8,3.0,5.0,1800.0,3.0,54.0,Bajo
32.0,73.0,6.9,2.0,8.7,5.0,3.0,1800.0,1.0,77.0,Bajo
20.0,75.4,2.3,2.0,6.9,5.0,10.0,1800.0,2.0,26.0,Bajo
20.0,98.5,9.1,2.0,7.0,5.0,6.0,1800.0,3.0,105.0,Medio
28.0,89.0,12.8,3.0,7.4,4.0,4.0,1800.0,1.0,175.0,Medio
31.0,77.0,9.2,1.0,8.3,6.0,8.0,1800.0,5.0,165.0,Medio
18.0,78.9,11.4,1.0,5.4,6.0,5.0,1800.0,3.0,211.0,Medio
33.0,61.6,4.5,3.0,8.1,4.0,8.0,1800.0,0.0,221.0,Medio
30.0,87.1,7.7,1.0,7.2,6.0,5.0,1800.0,6.0,0.0,Medio
18.0,59.1,4.2,2.0,5.9,5.0,6.0,1800.0,2.0,16.0,Medio
20.0,91.8,6.3,4.0,4.7,3.0,7.0,1800.0,0.0,0.0,Medio
28.0,83.7,9.3,1.0,7.0,6.0,8.0,1800.0,1.0,144.0,Bajo
34.0,113.0,7.3,4.0,8.9,3.0,8.0,1800.0,5.0,51.0,Bajo
36.0,67.7,2.8,4.0,9.2,3.0,6.0,1800.0,6.0,66.0,Bajo
27.0,80.7,3.1,4.0,7.6,3.0,7.0,1800.0,4.0,85.0,Medio
24.0,105.4,2.9,4.0,9.6,3.0,8.0,1800.0,5.0,127.0,Medio
40.0,97.5,8.5,5.0,7.1,2.0,7.0,1800.0,5.0,0.0,Alto
28.0,72.9,13.2,1.0,8.3,6.0,6.0,1800.0,3.0,12.0,Bajo
25.0,84.9,11.1,2.0,6.7,5.0,4.0,1800.0,3.0,100.0,Medio
28.0,82.0,1.3,2.0,6.6,5.0,8.0,886.0,3.0,184.0,Bajo
18.0,85.7,11.3,5.0,6.4,2.0,7.0,1800.0,4.0,98.0,Medio
24.0,72.9,9.8,6.0,4.7,1.0,6.0,1800.0,1.0,45.0,Alto
29.0,80.8,2.4,6.0,8.7,1.0,9.0,1800.0,4.0,0.0,Medio
39.0,61.2,6.1,4.0,6.4,3.0,4.0,1800.0,5.0,167.0,Medio
34.0,83.8,10.3,3.0,6.2,4.0,9.0,1800.0,2.0,48.0,Medio
35.0,87.9,8.7,3.0,5.8,4.0,6.0,1800.0,2.0,20.0,Medio
30.0,79.0,3.1,1.0,7.0,6.0,7.0,1800.0,3.0,0.0,Bajo
20.0,61.0,8.8,3.0,9.3,4.0,6.0,1800.0,1.0,0.0,Bajo
26.0,94.9,1.0,4.0,9.7,3.0,3.0,470.0,0.0,33.0,Bajo
40.0,86.7,6.3,2.0,5.2,5.0,6.0,1800.0,4.0,83.0,Medio
19.0,72.6,10.4,5.0,6.8,2.0,7.0,1800.0,1.0,15.0,Medio
38.0,78.4,7.1,5.0,6.0,2.0,8.0,1800.0,2.0,113.0,Medio
33.0,62.5,5.5,2.0,8.4,5.0,6.0,1800.0,1.0,83.0,Bajo
24.0,68.7,9.7,6.0,7.5,1.0,3.0,1800.0,5.0,256.0,Alto
35.0,75.0,9.9,1.0,6.4,6.0,4.0,1800.0,4.0,0.0,Bajo
37.0,98.0,10.9,6.0,7.3,1.0,10.0,1800.0,2.0,111.0,Alto
18.0,73.7,9.6,5.0,6.6,2.0,5.0,1800.0,0.0,112.0,Medio
20.0,90.3,10.2,2.0,9.1,5.0,9.0,1800.0,2.0,28.0,Bajo
33.0,75.0,9.2,4.0,7.9,3.0,5.0,1800.0,3.0,107.0,Bajo
40.0,85.2,7.8,2.0,8.0,5.0,6.0,1800.0,3.0,154.0,Bajo
18.0,80.2,7.3,5.0,4.0,2.0,6.0,1800.0,2.0,107.0,Medio
33.0,93.3,6.3,1.0,7.1,6.0,5.0,1800.0,3.0,197.0,Medio
21.0,75.0,3.4,2.0,9.7,5.0,9.0,1800.0,4.0,0.0,Medio
32.0,61.6,4.1,2.0,8.8,5.0,7.0,1800.0,2.0,41.0,Bajo
32.0,64.0,6.2,2.0,5.0,5.0,7.0,1800.0,3.0,203.0,Medio
20.0,75.1,7.7,2.0,6.8,5.0,6.0,1800.0,0.0,164.0,Medio
33.0,65.8,11.3,4.0,5.8,3.0,8.0,1800.0,7.0,138.0,Alto
38.0,87.3,6.9,4.0,9.3,3.0,9.0,1800.0,2.0,186.0,Medio
37.0,75.9,10.0,4.0,7.5,3.0,6.0,1800.0,3.0,0.0,Medio
18.0,112.9,10.2,2.0,6.3,5.0,10.0,1800.0,3.0,156.0,Medio
23.0,59.4,6.3,2.0,7.2,5.0,5.0,1800.0,1.0,175.0,Bajo
23.0,84.6,8.8,6.0,4.1,1.0,8.0,1800.0,2.0,54.0,Medio
28.0,67.3,6.3,2.0,5.9,5.0,7.0,1800.0,2.0,284.0,Bajo
21.0,75.6,11.0,1.0,7.2,6.0,5.0,1800.0,0.0,114.0,Bajo
37.0,83.8,8.9,3.0,8.2,4.0,7.0,1800.0,3.0,0.0,Medio
35.0,51.8,3.4,1.0,4.9,6.0,7.0,1800.0,0.0,127.0,Medio
36.0,85.1,7.5,3.0,6.7,4.0,5.0,1800.0,6.0,50.0,Medio
22.0,106.7,11.9,6.0,8.4,1.0,7.0,1800.0,4.0,182.0,Medio
18.0,76.1,6.5,2.0,5.5,5.0,7.0,1800.0,3.0,138.0,Medio
38.0,85.4,8.3,5.0,7.5,2.0,6.0,1800.0,0.0,58.0,Medio
24.0,95.3,8.6,3.0,7.3,4.0,6.0,1800.0,1.0,205.0,Medio
33.0,79.9,3.9,3.0,9.3,4.0,6.0,1800.0,5.0,166.0,Medio
38.0,74.4,8.5,4.0,6.9,3.0,6.0,1800.0,10.0,42.0,Alto
18.0,52.4,2.8,4.0,7.0,3.0,7.0,1800.0,5.0,89.0,Bajo
18.0,90.3,5.1,2.0,8.2,5.0,5.0,1800.0,4.0,136.0,Bajo
18.0,80.5,10.2,2.0,5.6,5.0,10.0,1800.0,3.0,75.0,Medio
21.0,68.8,8.1,6.0,6.9,1.0,4.0,1800.0,1.0,77.0,Medio
19.0,83.6,6.1,2.0,6.7,5.0,5.0,1800.0,4.0,103.0,Medio
36.0,74.4,8.3,6.0,7.0,1.0,6.0,1800.0,0.0,25.0,Medio
31.0,75.1,6.8,3.0,8.2,4.0,10.0,1800.0,0.0,0.0,Bajo
40.0,89.9,7.0,6.0,7.2,1.0,4.0,1800.0,0.0,117.0,Bajo
36.0,64.6,9.0,3.0,6.3,4.0,7.0,1800.0,4.0,0.0,Medio
40.0,95.6,4.8,4.0,7.4,3.0,7.0,1800.0,2.0,30.0,Bajo
23.0,63.8,7.1,4.0,9.0,3.0,7.0,1800.0,2.0,0.0,Bajo
24.0,73.4,6.1,3.0,6.2,4.0,9.0,1800.0,2.0,0.0,Medio
37.0,107.0,2.2,2.0,7.4,5.0,9.0,1800.0,0.0,130.0,Bajo
23.0,96.7,4.2,4.0,7.0,3.0,6.0,1800.0,2.0,84.0,Medio
19.0,83.3,11.7,4.0,7.1,3.0,7.0,1800.0,1.0,82.0,Bajo
33.0,69.8,8.2,2.0,5.2,5.0,3.0,1800.0,0.0,8.0,Bajo
36.0,75.1,3.0,5.0,8.9,2.0,7.0,1800.0,1.0,54.0,Bajo
40.0,83.0,2.4,4.0,6.3,3.0,5.0,1279.0,0.0,126.0,Bajo
39.0,82.5,6.7,1.0,8.4,6.0,6.0,1800.0,3.0,96.0,Bajo
20.0,80.8,11.7,6.0,6.5,1.0,3.0,1800.0,4.0,158.0,Alto
35.0,81.6,6.4,1.0,6.4,6.0,7.0,1800.0,0.0,168.0,Bajo
37.0,79.2,10.9,4.0,8.7,3.0,3.0,1800.0,2.0,82.0,Bajo
34.0,63.3,8.1,3.0,8.4,4.0,7.0,1800.0,6.0,0.0,Medio
36.0,75.3,8.4,4.0,7.5,3.0,4.0,1800.0,0.0,47.0,Bajo
37.0,93.9,3.0,5.0,7.2,2.0,5.0,1552.0,3.0,93.0,Bajo
28.0,64.2,9.8,5.0,6.9,2.0,9.0,1800.0,2.0,46.0,Alto
18.0,79.5,6.0,4.0,7.2,3.0,8.0,1800.0,4.0,26.0,Medio
28.0,71.3,9.6,6.0,6.4,1.0,9.0,1800.0,3.0,105.0,Medio
22.0,83.4,4.6,5.0,8.3,2.0,9.0,1800.0,1.0,270.0,Medio
20.0,76.9,7.5,5.0,6.4,2.0,5.0,1800.0,2.0,66.0,Medio
20.0,101.2,8.1,3.0,9.0,4.0,9.0,1800.0,2.0,100.0,Bajo
34.0,88.6,6.5,2.0,6.8,5.0,4.0,1800.0,2.0,8.0,Bajo
29.0,64.9,8.2,2.0,7.2,5.0,8.0,1800.0,0.0,187.0,Bajo
30.0,90.7,6.2,4.0,8.1,3.0,6.0,1800.0,5.0,161.0,Bajo
35.0,71.9,5.1,4.0,7.2,3.0,5.0,1800.0,4.0,156.0,Bajo
30.0,74.5,11.8,1.0,6.8,6.0,8.0,1800.0,0.0,195.0,Medio
32.0,86.1,10.1,2.0,7.2,5.0,8.0,1800.0,2.0,70.0,Bajo
19.0,75.6,4.7,6.0,8.3,1.0,8.0,1800.0,2.0,79.0,Medio
37.0,93.6,8.7,5.0,6.4,2.0,7.0,1800.0,0.0,220.0,Alto
28.0,71.9,4.8,5.0,7.0,2.0,7.0,1800.0,0.0,144.0,Medio
21.0,74.0,3.4,2.0,7.2,5.0,7.0,1800.0,1.0,0.0,Bajo
36.0,73.5,10.1,1.0,8.2,6.0,7.0,1800.0,1.0,132.0,Bajo
34.0,74.6,1.9,2.0,7.1,5.0,7.0,1276.0,0.0,59.0,Bajo
19.0,96.3,9.8,6.0,9.4,1.0,7.0,1800.0,3.0,163.0,Medio
22.0,90.2,6.2,4.0,7.0,3.0,8.0,1800.0,5.0,129.0,Medio
18.0,104.2,6.4,5.0,6.9,2.0,4.0,1800.0,4.0,0.0,Medio
24.0,111.5,8.2,3.0,7.0,4.0,6.0,1800.0,2.0,119.0,Medio
20.0,68.6,8.7,3.0,5.6,4.0,4.0,1800.0,0.0,115.0,Bajo
34.0,82.9,4.5,4.0,6.0,3.0,7.0,1800.0,4.0,125.0,Medio
30.0,66.7,9.2,6.0,6.6,1.0,9.0,1800.0,2.0,140.0,Alto
40.0,71.9,7.3,3.0,8.6,4.0,6.0,1800.0,3.0,205.0,Medio
35.0,73.8,3.2,4.0,7.2,3.0,7.0,1800.0,6.0,129.0,Medio
32.0,68.3,6.5,6.0,6.6,1.0,8.0,1800.0,1.0,102.0,Medio
29.0,68.3,11.1,3.0,8.7,4.0,3.0,1800.0,0.0,180.0,Bajo
19.0,80.1,12.0,6.0,9.1,1.0,6.0,1800.0,0.0,257.0,Medio
19.0,66.2,9.2,4.0,8.7,3.0,7.0,1800.0,3.0,164.0,Bajo
32.0,92.9,3.4,6.0,6.2,1.0,1.0,475.0,2.0,114.0,Bajo
18.0,70.1,8.5,3.0,6.6,4.0,5.0,1800.0,0.0,130.0,Medio
18.0,118.5,9.6,4.0,9.4,3.0,8.0,1800.0,0.0,118.0,Medio
23.0,76.1,9.2,2.0,7.5,5.0,8.0,1800.0,1.0,101.0,Bajo
38.0,82.9,9.4,4.0,6.9,3.0,7.0,1800.0,0.0,252.0,Medio
28.0,65.2,8.1,2.0,8.1,5.0,8.0,1800.0,3.0,48.0,Medio
34.0,104.2,6.8,4.0,8.4,3.0,7.0,1800.0,1.0,181.0,Bajo
27.0,96.6,5.2,5.0,6.5,2.0,7.0,1800.0,1.0,91.0,Medio
21.0,85.9,1.3,3.0,7.5,4.0,6.0,833.0,1.0,0.0,Bajo
26.0,64.5,8.0,3.0,8.3,4.0,7.0,1800.0,3.0,87.0,Medio
20.0,84.7,7.6,2.0,5.8,5.0,5.0,1800.0,2.0,62.0,Medio
35.0,67.4,8.7,5.0,7.2,2.0,9.0,1800.0,3.0,140.0,Alto
22.0,101.0,3.0,4.0,5.9,3.0,9.0,1800.0,3.0,106.0,Medio
26.0,92.5,8.9,4.0,6.0,3.0,9.0,1800.0,2.0,28.0,Medio
40.0,83.2,13.2,1.0,6.5,6.0,6.0,1800.0,0.0,203.0,Bajo
31.0,50.3,7.2,1.0,7.8,6.0,5.0,1800.0,1.0,176.0,Bajo
28.0,69.2,6.8,1.0,6.8,6.0,9.0,1800.0,1.0,211.0,Bajo
30.0,90.9,7.9,6.0,6.4,1.0,7.0,1800.0,6.0,117.0,Alto
36.0,97.8,13.1,6.0,7.3,1.0,7.0,1800.0,0.0,97.0,Medio
23.0,96.4,3.9,1.0,5.8,6.0,5.0,1800.0,1.0,149.0,Bajo
32.0,61.3,7.6,1.0,7.7,6.0,7.0,1800.0,2.0,60.0,Bajo
38.0,85.9,4.6,5.0,8.6,2.0,5.0,1800.0,2.0,109.0,Bajo
31.0,95.2,5.4,4.0,7.1,3.0,8.0,1800.0,4.0,88.0,Alto
28.0,60.4,6.9,2.0,7.0,5.0,9.0,1800.0,2.0,0.0,Bajo
21.0,81.9,11.0,4.0,7.6,3.0,9.0,1800.0,2.0,109.0,Medio
23.0,85.6,12.4,2.0,4.8,5.0,8.0,1800.0,4.0,69.0,Medio
39.0,78.1,8.3,2.0,7.8,5.0,4.0,1800.0,6.0,83.0,Medio
30.0,57.9,5.9,3.0,10.0,4.0,7.0,1800.0,5.0,125.0,Bajo
24.0,77.8,14.5,6.0,7.1,1.0,10.0,1800.0,2.0,189.0,Alto
27.0,77.7,5.7,5.0,7.1,2.0,5.0,1800.0,2.0,41.0,Medio
31.0,80.1,5.3,2.0,8.1,5.0,6.0,1800.0,2.0,76.0,Bajo
30.0,74.7,1.7,4.0,9.2,3.0,9.0,1301.0,2.0,46.0,Bajo
34.0,76.2,11.2,6.0,8.4,1.0,8.0,1800.0,1.0,42.0,Medio
23.0,81.5,9.9,6.0,4.6,1.0,10.0,1800.0,4.0,58.0,Alto
32.0,87.8,14.3,5.0,7.9,2.0,5.0,1800.0,3.0,86.0,Medio
28.0,78.0,2.8,1.0,10.0,6.0,5.0,1439.0,2.0,141.0,Bajo
39.0,76.7,11.4,2.0,7.9,5.0,9.0,1800.0,0.0,122.0,Bajo
21.0,83.2,7.2,2.0,5.8,5.0,4.0,1800.0,2.0,26.0,Bajo
21.0,57.0,9.4,1.0,7.5,6.0,6.0,1800.0,0.0,191.0,Bajo
28.0,88.2,2.1,2.0,5.7,5.0,6.0,1078.0,1.0,166.0,Bajo
29.0,82.0,11.4,2.0,8.7,5.0,8.0,1800.0,1.0,37.0,Medio
33.0,82.5,9.4,4.0,6.1,3.0,8.0,1800.0,3.0,186.0,Medio
27.0,94.5,6.9,3.0,7.3,4.0,7.0,1800.0,6.0,123.0,Bajo
39.0,56.6,8.9,3.0,6.2,4.0,6.0,1800.0,3.0,89.0,Medio
28.0,56.3,4.7,2.0,6.5,5.0,9.0,1800.0,5.0,125.0,Medio
20.0,85.6,5.3,1.0,9.0,6.0,10.0,1800.0,3.0,98.0,Bajo
20.0,81.9,5.6,6.0,7.3,1.0,8.0,1800.0,4.0,138.0,Medio
40.0,84.2,1.4,4.0,6.5,3.0,7.0,1017.0,6.0,113.0,Bajo
21.0,76.0,9.6,2.0,5.8,5.0,4.0,1800.0,1.0,76.0,Bajo
39.0,90.6,10.6,5.0,5.0,2.0,5.0,1800.0,1.0,0.0,Medio
24.0,94.1,4.9,5.0,5.7,2.0,6.0,1800.0,4.0,137.0,Medio
20.0,88.3,8.0,6.0,7.3,1.0,6.0,1800.0,2.0,74.0,Medio
25.0,78.6,6.2,1.0,8.4,6.0,6.0,1800.0,3.0,154.0,Bajo
32.0,54.6,8.0,4.0,6.5,3.0,10.0,1800.0,2.0,134.0,Alto
27.0,92.0,5.1,6.0,9.1,1.0,9.0,1800.0,1.0,76.0,Bajo
36.0,97.9,4.3,5.0,6.3,2.0,6.0,1800.0,2.0,172.0,Alto
32.0,90.4,10.2,2.0,6.9,5.0,4.0,1800.0,0.0,114.0,Bajo
27.0,70.6,6.8,6.0,5.9,1.0,9.0,1800.0,4.0,111.0,Alto
32.0,90.8,13.1,3.0,8.4,4.0,6.0,1800.0,3.0,90.0,Medio
40.0,93.2,7.1,3.0,9.7,4.0,3.0,1800.0,0.0,218.0,Bajo
27.0,102.3,4.2,4.0,5.1,3.0,8.0,1800.0,1.0,50.0,Bajo
21.0,70.6,10.7,5.0,6.8,2.0,8.0,1800.0,1.0,77.0,Medio
27.0,79.1,8.9,1.0,8.7,6.0,2.0,1655.0,3.0,13.0,Bajo
37.0,91.7,9.2,4.0,5.5,3.0,5.0,1800.0,1.0,151.0,Medio
23.0,82.7,10.6,5.0,7.9,2.0,6.0,1800.0,2.0,59.0,Medio
39.0,67.5,5.0,4.0,8.7,3.0,8.0,1800.0,0.0,67.0,Bajo
31.0,87.4,6.6,2.0,7.3,5.0,6.0,1800.0,7.0,64.0,Medio
31.0,89.5,6.5,1.0,7.9,6.0,5.0,1800.0,2.0,104.0,Bajo
25.0,83.1,3.1,4.0,9.3,3.0,8.0,1800.0,3.0,12.0,Bajo
39.0,84.9,6.2,5.0,9.5,2.0,6.0,1800.0,1.0,0.0,Bajo
18.0,78.6,11.0,4.0,7.1,3.0,7.0,1800.0,1.0,132.0,Medio
24.0,101.2,7.7,6.0,6.6,1.0,4.0,1800.0,6.0,0.0,Medio
27.0,70.3,3.0,4.0,6.1,3.0,4.0,1134.0,0.0,160.0,Bajo
28.0,74.4,2.3,4.0,8.4,3.0,8.0,1800.0,3.0,209.0,Bajo
28.0,82.1,12.0,1.0,5.6,6.0,7.0,1800.0,0.0,89.0,Bajo
21.0,93.4,6.7,4.0,6.9,3.0,8.0,1800.0,1.0,191.0,Medio
23.0,62.5,5.1,2.0,7.3,5.0,6.0,1800.0,1.0,98.0,Bajo
20.0,65.0,6.2,5.0,6.6,2.0,5.0,1800.0,0.0,212.0,Medio
31.0,55.5,2.6,1.0,7.5,6.0,9.0,1800.0,2.0,68.0,Bajo
26.0,82.4,11.3,6.0,10.0,1.0,4.0,1800.0,0.0,0.0,Medio
31.0,67.5,5.8,2.0,7.1,5.0,9.0,1800.0,2.0,94.0,Medio
31.0,77.0,11.1,3.0,6.7,4.0,9.0,1800.0,2.0,220.0,Alto
34.0,90.6,7.2,1.0,8.4,6.0,8.0,1800.0,0.0,137.0,Bajo
30.0,73.7,11.3,2.0,7.5,5.0,5.0,1800.0,5.0,64.0,Medio
32.0,85.0,7.8,6.0,8.9,1.0,5.0,1800.0,1.0,123.0,Medio
31.0,78.1,9.6,2.0,7.4,5.0,6.0,1800.0,2.0,168.0,Medio
33.0,90.7,9.2,4.0,6.9,3.0,4.0,1800.0,1.0,94.0,Medio
32.0,88.2,8.9,6.0,5.1,1.0,5.0,1800.0,2.0,284.0,Medio
25.0,73.0,8.0,4.0,5.3,3.0,8.0,1800.0,5.0,64.0,Alto
23.0,79.8,6.3,1.0,5.0,6.0,8.0,1800.0,7.0,170.0,Medio
36.0,95.6,12.7,3.0,7.7,4.0,5.0,1800.0,4.0,153.0,Bajo
25.0,87.1,4.3,3.0,5.6,4.0,8.0,1800.0,4.0,51.0,Medio
30.0,63.8,7.0,2.0,8.7,5.0,7.0,1800.0,6.0,70.0,Bajo
22.0,90.5,7.0,2.0,7.2,5.0,9.0,1800.0,3.0,171.0,Bajo
27.0,67.9,8.2,4.0,6.9,3.0,8.0,1800.0,5.0,110.0,Alto
30.0,100.4,5.7,3.0,6.2,4.0,8.0,1800.0,4.0,124.0,Medio
32.0,95.3,7.9,2.0,7.9,5.0,7.0,1800.0,2.0,0.0,Bajo
30.0,85.8,6.5,3.0,6.2,4.0,8.0,1800.0,3.0,146.0,Medio
26.0,84.0,2.3,3.0,6.0,4.0,4.0,930.0,0.0,120.0,Bajo
40.0,79.3,7.0,2.0,8.6,5.0,6.0,1800.0,3.0,96.0,Medio
29.0,90.8,3.7,3.0,7.6,4.0,6.0,1800.0,0.0,125.0,Bajo
36.0,77.2,1.8,6.0,6.9,1.0,6.0,1040.0,0.0,71.0,Bajo
34.0,85.1,7.4,4.0,8.0,3.0,7.0,1800.0,3.0,59.0,Bajo
30.0,93.3,8.5,4.0,7.2,3.0,8.0,1800.0,0.0,83.0,Alto
38.0,74.7,8.6,6.0,7.7,1.0,7.0,1800.0,2.0,68.0,Medio
20.0,74.0,8.7,4.0,6.2,3.0,6.0,1800.0,2.0,253.0,Medio
39.0,66.5,1.2,2.0,9.7,5.0,5.0,681.0,3.0,164.0,Bajo
37.0,68.2,2.9,3.0,6.5,4.0,8.0,1800.0,0.0,32.0,Bajo
29.0,58.2,12.9,3.0,9.1,4.0,7.0,1800.0,4.0,243.0,Medio
34.0,91.5,3.9,3.0,7.0,4.0,5.0,1800.0,2.0,70.0,Bajo
29.0,105.5,8.8,1.0,8.2,6.0,6.0,1800.0,3.0,102.0,Medio
24.0,100.5,4.9,1.0,8.1,6.0,3.0,1728.0,0.0,163.0,Bajo
36.0,60.9,7.2,3.0,8.6,4.0,7.0,1800.0,2.0,0.0,Bajo
23.0,91.4,5.1,6.0,6.2,1.0,6.0,1800.0,4.0,83.0,Medio
25.0,100.5,8.7,5.0,8.5,2.0,5.0,1800.0,4.0,60.0,Medio
29.0,76.1,7.4,6.0,9.4,1.0,9.0,1800.0,1.0,114.0,Medio
37.0,83.3,5.7,2.0,6.9,5.0,4.0,1800.0,1.0,126.0,Bajo
26.0,55.9,3.8,3.0,7.2,4.0,8.0,1800.0,0.0,95.0,Medio
29.0,85.5,7.8,4.0,6.6,3.0,10.0,1800.0,1.0,91.0,Medio
18.0,68.2,3.4,3.0,6.8,4.0,8.0,1800.0,0.0,175.0,Medio
20.0,84.6,8.3,3.0,9.3,4.0,6.0,1800.0,2.0,121.0,Bajo
19.0,61.7,14.9,3.0,6.0,4.0,4.0,1800.0,3.0,103.0,Medio
19.0,89.1,11.1,1.0,6.1,6.0,4.0,1800.0,1.0,110.0,Bajo
37.0,95.3,9.2,6.0,9.1,1.0,6.0,1800.0,2.0,229.0,Medio
37.0,71.8,6.7,6.0,7.9,1.0,5.0,1800.0,2.0,112.0,Medio
36.0,67.2,1.2,1.0,9.7,6.0,5.0,700.0,4.0,64.0,Bajo
19.0,54.0,3.0,3.0,6.7,4.0,6.0,1800.0,1.0,0.0,Bajo
19.0,78.5,10.8,4.0,7.4,3.0,6.0,1800.0,1.0,0.0,Bajo
24.0,74.4,4.6,5.0,6.4,2.0,7.0,1800.0,1.0,67.0,Medio
31.0,61.8,4.9,6.0,7.4,1.0,4.0,1800.0,0.0,92.0,Bajo
25.0,87.9,6.5,3.0,5.1,4.0,5.0,1800.0,3.0,61.0,Medio
29.0,76.2,3.8,5.0,8.0,2.0,6.0,1800.0,2.0,125.0,Bajo
21.0,68.0,3.3,6.0,7.6,1.0,6.0,1800.0,2.0,60.0,Medio
34.0,74.8,6.8,5.0,7.1,2.0,10.0,1800.0,5.0,36.0,Medio
25.0,95.9,4.3,2.0,6.7,5.0,7.0,1800.0,5.0,143.0,Medio
19.0,89.8,4.8,5.0,6.1,2.0,4.0,1800.0,0.0,196.0,Medio
35.0,80.3,4.7,3.0,8.1,4.0,7.0,1800.0,3.0,22.0,Bajo
38.0,90.0,8.6,1.0,5.8,6.0,7.0,1800.0,3.0,117.0,Medio
18.0,66.9,6.3,5.0,7.8,2.0,6.0,1800.0,1.0,0.0,Medio
28.0,82.4,6.5,6.0,9.7,1.0,4.0,1800.0,3.0,0.0,Medio
37.0,83.9,8.8,3.0,9.0,4.0,10.0,1800.0,0.0,59.0,Bajo
34.0,75.9,6.6,3.0,5.4,4.0,5.0,1800.0,5.0,179.0,Alto
37.0,87.7,6.2,3.0,6.6,4.0,8.0,1800.0,3.0,45.0,Medio
27.0,71.9,8.4,1.0,7.7,6.0,7.0,1800.0,0.0,43.0,Bajo
26.0,88.6,9.0,6.0,7.1,1.0,8.0,1800.0,1.0,103.0,Medio
34.0,89.2,6.6,1.0,5.5,6.0,10.0,1800.0,0.0,103.0,Medio
21.0,50.0,7.2,4.0,7.7,3.0,8.0,1800.0,2.0,45.0,Medio
23.0,97.5,4.7,1.0,7.2,6.0,5.0,1800.0,1.0,239.0,Bajo
31.0,50.0,4.4,5.0,9.5,2.0,8.0,1800.0,0.0,81.0,Medio
33.0,74.0,9.3,6.0,6.9,1.0,5.0,1800.0,4.0,108.0,Medio
20.0,95.3,8.3,4.0,8.6,3.0,7.0,1800.0,5.0,72.0,Medio
29.0,77.9,8.4,4.0,5.7,3.0,4.0,1800.0,2.0,131.0,Medio
26.0,62.9,7.8,5.0,6.0,2.0,5.0,1800.0,2.0,186.0,Medio
29.0,67.8,7.1,6.0,8.1,1.0,7.0,1800.0,3.0,216.0,Bajo
40.0,95.3,9.1,6.0,8.5,1.0,7.0,1800.0,2.0,47.0,Medio
19.0,57.0,9.8,2.0,6.1,5.0,3.0,1800.0,0.0,177.0,Bajo
40.0,96.7,9.7,4.0,7.2,3.0,7.0,1800.0,1.0,138.0,Medio
28.0,81.3,6.7,5.0,5.5,2.0,5.0,1800.0,2.0,168.0,Bajo
35.0,66.5,11.2,2.0,7.0,5.0,9.0,1800.0,3.0,94.0,Medio
27.0,74.4,7.7,5.0,8.2,2.0,6.0,1800.0,2.0,87.0,Bajo
25.0,68.8,8.9,1.0,6.7,6.0,4.0,1800.0,3.0,166.0,Bajo
35.0,93.3,7.8,6.0,6.9,1.0,7.0,1800.0,0.0,167.0,Medio
33.0,91.5,7.7,4.0,5.8,3.0,5.0,1800.0,4.0,210.0,Medio
21.0,59.7,4.8,5.0,6.4,2.0,9.0,1800.0,2.0,114.0,Medio
34.0,76.8,9.1,5.0,9.3,2.0,7.0,1800.0,7.0,93.0,Medio
35.0,70.8,15.5,2.0,7.3,5.0,6.0,1800.0,1.0,0.0,Medio
26.0,98.8,5.9,3.0,6.0,4.0,8.0,1800.0,3.0,0.0,Bajo
39.0,64.4,7.2,6.0,6.8,1.0,5.0,1800.0,8.0,72.0,Medio
32.0,102.9,5.7,1.0,5.3,6.0,4.0,1800.0,3.0,23.0,Bajo
25.0,81.6,5.5,5.0,6.0,2.0,7.0,1800.0,2.0,157.0,Medio
18.0,66.9,11.6,2.0,8.8,5.0,5.0,1800.0,0.0,8.0,Bajo
33.0,73.2,5.0,4.0,7.0,3.0,5.0,1800.0,5.0,65.0,Bajo
22.0,71.6,5.6,4.0,9.5,3.0,8.0,1800.0,0.0,68.0,Bajo
35.0,65.4,2.2,5.0,7.1,2.0,7.0,1546.0,3.0,184.0,Medio
30.0,83.2,4.7,6.0,7.2,1.0,4.0,1800.0,1.0,57.0,Medio
28.0,66.0,1.9,3.0,8.0,4.0,5.0,979.0,2.0,132.0,Bajo
21.0,53.7,8.9,2.0,4.0,5.0,5.0,1800.0,0.0,114.0,Bajo
34.0,77.1,15.4,3.0,7.4,4.0,10.0,1800.0,5.0,163.0,Alto
21.0,58.6,5.9,4.0,7.1,3.0,8.0,1800.0,2.0,160.0,Medio
27.0,72.2,2.0,5.0,9.0,2.0,6.0,1146.0,0.0,98.0,Bajo
37.0,70.2,9.7,5.0,8.4,2.0,8.0,1800.0,5.0,0.0,Medio
39.0,70.7,4.8,3.0,5.8,4.0,4.0,1769.0,1.0,84.0,Medio
40.0,108.0,10.9,6.0,8.7,1.0,5.0,1800.0,3.0,99.0,Bajo
40.0,82.7,6.2,1.0,6.9,6.0,7.0,1800.0,4.0,120.0,Medio
30.0,85.2,5.1,1.0,6.1,6.0,7.0,1800.0,3.0,48.0,Bajo
22.0,58.9,6.5,1.0,7.4,6.0,6.0,1800.0,0.0,180.0,Bajo
37.0,73.5,9.3,6.0,7.0,1.0,7.0,1800.0,4.0,101.0,Alto
36.0,84.8,6.3,2.0,9.0,5.0,7.0,1800.0,2.0,36.0,Bajo
40.0,68.7,5.5,4.0,7.6,3.0,6.0,1800.0,2.0,68.0,Bajo
32.0,93.8,6.4,5.0,7.4,2.0,6.0,1800.0,2.0,235.0,Medio
21.0,66.4,3.2,5.0,8.3,2.0,6.0,1800.0,0.0,147.0,Bajo
29.0,78.3,8.2,6.0,8.5,1.0,7.0,1800.0,3.0,173.0,Medio
28.0,74.4,1.6,1.0,8.1,6.0,7.0,1050.0,0.0,27.0,Bajo
37.0,84.1,5.7,3.0,8.9,4.0,7.0,1800.0,2.0,52.0,Bajo
27.0,73.7,9.3,4.0,7.9,3.0,4.0,1800.0,3.0,52.0,Bajo
25.0,78.5,7.9,5.0,7.4,2.0,5.0,1800.0,4.0,113.0,Medio
19.0,78.9,8.8,4.0,8.7,3.0,7.0,1800.0,1.0,88.0,Bajo
37.0,72.5,6.8,4.0,7.1,3.0,9.0,1800.0,5.0,66.0,Medio
35.0,88.3,10.5,2.0,7.2,5.0,7.0,1800.0,4.0,75.0,Bajo
18.0,85.1,9.8,1.0,9.3,6.0,6.0,1800.0,1.0,44.0,Bajo
27.0,80.8,8.3,3.0,9.1,4.0,7.0,1800.0,0.0,87.0,Bajo
29.0,76.4,9.8,2.0,7.2,5.0,4.0,1800.0,0.0,178.0,Medio
28.0,92.4,9.3,4.0,6.7,3.0,9.0,1800.0,3.0,0.0,Medio
39.0,78.9,5.7,5.0,9.0,2.0,7.0,1800.0,1.0,124.0,Bajo
21.0,78.0,3.0,4.0,8.2,3.0,5.0,1474.0,5.0,197.0,Bajo
25.0,83.4,8.3,4.0,7.6,3.0,6.0,1800.0,1.0,87.0,Medio
22.0,104.1,8.6,1.0,6.8,6.0,6.0,1800.0,0.0,63.0,Bajo
23.0,64.6,10.3,4.0,7.6,3.0,9.0,1800.0,3.0,165.0,Medio
38.0,92.0,4.2,3.0,7.2,4.0,6.0,1800.0,1.0,31.0,Medio
39.0,57.4,4.3,1.0,6.4,6.0,7.0,1800.0,2.0,98.0,Medio
19.0,84.8,8.4,2.0,7.4,5.0,8.0,1800.0,4.0,27.0,Medio
32.0,102.5,6.8,5.0,7.5,2.0,5.0,1800.0,2.0,0.0,Bajo
23.0,88.4,1.3,6.0,6.7,1.0,7.0,859.0,2.0,89.0,Bajo
22.0,84.2,8.1,4.0,8.3,3.0,7.0,1800.0,3.0,12.0,Bajo
24.0,74.7,1.4,6.0,8.7,1.0,4.0,611.0,0.0,99.0,Bajo
22.0,82.4,4.2,2.0,8.4,5.0,7.0,1800.0,3.0,178.0,Medio
29.0,78.7,11.1,2.0,6.9,5.0,6.0,1800.0,3.0,230.0,Alto
40.0,71.8,12.5,6.0,8.1,1.0,7.0,1800.0,4.0,107.0,Alto
31.0,78.2,3.4,2.0,7.3,5.0,7.0,1800.0,3.0,171.0,Bajo
34.0,84.6,6.0,4.0,5.7,3.0,7.0,1800.0,2.0,128.0,Bajo
29.0,72.0,7.1,2.0,8.0,5.0,9.0,1800.0,4.0,73.0,Bajo
18.0,71.5,12.3,2.0,7.2,5.0,4.0,1800.0,2.0,0.0,Bajo
19.0,64.3,5.5,3.0,10.0,4.0,6.0,1800.0,3.0,214.0,Bajo
24.0,87.1,5.6,3.0,8.9,4.0,8.0,1800.0,2.0,27.0,Bajo
23.0,89.1,11.6,6.0,8.1,1.0,7.0,1800.0,3.0,197.0,Alto
37.0,85.0,5.9,6.0,7.5,1.0,7.0,1800.0,1.0,138.0,Medio
37.0,94.5,9.2,4.0,7.4,3.0,10.0,1800.0,5.0,32.0,Medio
37.0,83.1,2.6,4.0,6.0,3.0,8.0,1800.0,6.0,122.0,Medio
32.0,87.1,6.5,1.0,5.1,6.0,9.0,1800.0,4.0,249.0,Medio
30.0,85.9,2.0,2.0,6.2,5.0,6.0,962.0,5.0,207.0,Bajo
32.0,80.8,3.8,1.0,7.1,6.0,5.0,1800.0,0.0,64.0,Bajo
27.0,75.1,9.5,6.0,4.7,1.0,6.0,1800.0,0.0,50.0,Medio
33.0,110.8,6.9,2.0,6.5,5.0,8.0,1800.0,2.0,107.0,Medio
36.0,76.1,6.0,3.0,6.9,4.0,7.0,1800.0,2.0,88.0,Bajo
35.0,73.3,4.8,6.0,6.9,1.0,7.0,1800.0,2.0,184.0,Medio
32.0,87.6,6.3,5.0,6.4,2.0,6.0,1800.0,0.0,152.0,Medio
19.0,85.3,7.9,4.0,6.8,3.0,6.0,1800.0,5.0,0.0,Alto
34.0,63.7,9.9,1.0,9.3,6.0,6.0,1800.0,7.0,132.0,Medio
26.0,96.6,1.0,4.0,8.0,3.0,8.0,744.0,5.0,87.0,Bajo
35.0,80.8,4.5,4.0,6.5,3.0,8.0,1800.0,4.0,103.0,Medio
30.0,67.6,7.5,2.0,7.1,5.0,5.0,1800.0,3.0,117.0,Medio
38.0,97.5,6.7,5.0,7.2,2.0,8.0,1800.0,1.0,184.0,Bajo
25.0,90.1,8.2,6.0,6.3,1.0,5.0,1800.0,2.0,168.0,Alto
39.0,65.6,7.8,2.0,6.3,5.0,7.0,1800.0,6.0,48.0,Medio
37.0,105.1,6.1,2.0,8.4,5.0,6.0,1800.0,1.0,96.0,Bajo
25.0,90.6,5.4,2.0,6.7,5.0,9.0,1800.0,1.0,69.0,Bajo
29.0,81.9,6.3,6.0,5.9,1.0,6.0,1800.0,4.0,0.0,Medio
30.0,102.7,10.4,1.0,7.1,6.0,7.0,1800.0,5.0,92.0,Bajo
35.0,84.1,4.8,6.0,7.3,1.0,8.0,1800.0,1.0,229.0,Medio
33.0,81.6,6.8,5.0,4.8,2.0,5.0,1800.0,2.0,0.0,Medio
37.0,73.4,7.6,3.0,7.2,4.0,6.0,1800.0,1.0,98.0,Bajo
26.0,89.6,11.7,4.0,8.2,3.0,6.0,1800.0,2.0,96.0,Medio
29.0,88.2,6.1,6.0,7.7,1.0,6.0,1800.0,4.0,120.0,Medio
27.0,82.2,9.9,5.0,9.9,2.0,6.0,1800.0,1.0,33.0,Bajo
38.0,71.7,10.7,2.0,8.7,5.0,9.0,1800.0,4.0,0.0,Medio
25.0,83.7,6.8,1.0,8.9,6.0,5.0,1800.0,2.0,3.0,Bajo
31.0,81.1,6.4,4.0,10.0,3.0,8.0,1800.0,7.0,193.0,Medio
20.0,64.7,6.0,1.0,8.1,6.0,7.0,1800.0,3.0,31.0,Bajo
37.0,62.9,6.2,1.0,7.4,6.0,4.0,1800.0,2.0,65.0,Bajo
26.0,89.3,9.6,6.0,8.4,1.0,7.0,1800.0,3.0,247.0,Alto
25.0,50.0,7.7,3.0,6.5,4.0,4.0,1800.0,2.0,49.0,Medio
31.0,84.7,7.7,4.0,7.3,3.0,8.0,1800.0,0.0,124.0,Medio
29.0,75.8,3.6,2.0,6.4,5.0,6.0,1800.0,2.0,174.0,Bajo
37.0,99.0,4.1,1.0,7.7,6.0,7.0,1800.0,2.0,171.0,Bajo
30.0,75.6,13.4,1.0,6.4,6.0,4.0,1800.0,0.0,7.0,Bajo
29.0,90.6,6.5,3.0,6.4,4.0,7.0,1800.0,2.0,50.0,Medio
20.0,76.8,4.7,1.0,7.7,6.0,8.0,1800.0,0.0,121.0,Bajo
18.0,83.5,11.3,3.0,7.0,4.0,5.0,1800.0,2.0,235.0,Medio
27.0,91.6,7.8,2.0,4.9,5.0,5.0,1800.0,3.0,47.0,Bajo
40.0,76.0,8.7,4.0,5.5,3.0,7.0,1800.0,2.0,65.0,Bajo
39.0,95.0,6.6,4.0,5.8,3.0,7.0,1800.0,1.0,129.0,Medio
32.0,69.1,6.0,2.0,6.1,5.0,2.0,1160.0,2.0,143.0,Bajo
32.0,85.8,6.5,3.0,7.7,4.0,10.0,1800.0,1.0,148.0,Bajo
27.0,94.0,2.9,1.0,7.5,6.0,7.0,1800.0,2.0,41.0,Bajo
22.0,90.6,6.7,2.0,8.5,5.0,8.0,1800.0,2.0,63.0,Bajo
18.0,106.9,7.9,6.0,8.1,1.0,6.0,1800.0,0.0,115.0,Medio
25.0,72.1,12.6,6.0,8.5,1.0,3.0,1800.0,3.0,188.0,Medio
25.0,64.1,7.3,3.0,7.9,4.0,8.0,1800.0,3.0,83.0,Bajo
22.0,69.1,1.0,6.0,7.5,1.0,5.0,336.0,2.0,98.0,Bajo
23.0,90.6,6.7,4.0,8.5,3.0,7.0,1800.0,7.0,28.0,Medio
18.0,88.5,15.2,1.0,8.3,6.0,6.0,1800.0,2.0,230.0,Medio
31.0,83.3,9.6,6.0,7.7,1.0,7.0,1800.0,2.0,111.0,Medio
39.0,67.4,4.6,3.0,8.7,4.0,5.0,1800.0,1.0,175.0,Bajo
33.0,92.0,8.8,4.0,4.4,3.0,8.0,1800.0,0.0,102.0,Medio
28.0,66.1,4.8,4.0,6.9,3.0,4.0,1800.0,4.0,106.0,Medio
27.0,97.1,2.9,2.0,6.8,5.0,10.0,1800.0,1.0,0.0,Bajo
25.0,119.1,6.0,5.0,8.6,2.0,10.0,1800.0,1.0,0.0,Medio
21.0,86.8,7.3,4.0,9.1,3.0,9.0,1800.0,1.0,188.0,Bajo
31.0,89.6,1.4,3.0,5.5,4.0,9.0,1061.0,0.0,105.0,Bajo
31.0,75.6,3.6,2.0,8.9,5.0,6.0,1800.0,0.0,114.0,Bajo
18.0,58.5,7.0,5.0,5.8,2.0,9.0,1800.0,1.0,13.0,Medio
27.0,74.2,5.8,2.0,5.8,5.0,6.0,1800.0,4.0,37.0,Bajo
24.0,67.8,8.2,1.0,6.9,6.0,4.0,1800.0,3.0,174.0,Bajo
21.0,63.2,3.4,6.0,6.8,1.0,9.0,1800.0,5.0,222.0,Alto
34.0,104.4,9.1,2.0,5.3,5.0,9.0,1800.0,4.0,57.0,Medio
30.0,85.5,3.4,4.0,8.0,3.0,6.0,1800.0,3.0,147.0,Bajo
32.0,86.9,11.9,5.0,8.0,2.0,4.0,1800.0,6.0,113.0,Alto
34.0,78.0,1.9,6.0,8.5,1.0,5.0,882.0,2.0,92.0,Bajo
40.0,79.8,3.7,4.0,6.7,3.0,3.0,1127.0,2.0,230.0,Bajo
36.0,94.5,8.3,5.0,7.2,2.0,8.0,1800.0,2.0,68.0,Medio
32.0,81.6,12.0,6.0,7.2,1.0,4.0,1800.0,5.0,187.0,Alto
38.0,88.9,7.9,6.0,9.2,1.0,7.0,1800.0,2.0,127.0,Medio
28.0,79.5,8.7,1.0,3.8,6.0,5.0,1800.0,1.0,99.0,Bajo
40.0,77.6,7.1,5.0,6.1,2.0,4.0,1800.0,3.0,196.0,Bajo
35.0,63.7,3.9,2.0,7.2,5.0,7.0,1800.0,1.0,120.0,Bajo
32.0,56.3,5.5,6.0,5.9,1.0,6.0,1800.0,3.0,93.0,Medio
38.0,78.6,3.4,1.0,6.9,6.0,8.0,1800.0,3.0,197.0,Bajo
29.0,82.7,3.2,2.0,7.0,5.0,4.0,1342.0,2.0,187.0,Bajo
34.0,65.3,8.2,2.0,6.4,5.0,5.0,1800.0,3.0,184.0,Medio
24.0,81.6,3.6,4.0,7.3,3.0,2.0,830.0,0.0,0.0,Bajo
40.0,82.7,8.0,1.0,8.0,6.0,3.0,1800.0,3.0,131.0,Bajo
32.0,54.0,3.1,1.0,6.9,6.0,10.0,1800.0,1.0,115.0,Bajo
35.0,70.1,7.9,4.0,6.7,3.0,10.0,1800.0,8.0,98.0,Alto
28.0,87.3,5.5,6.0,7.0,1.0,7.0,1800.0,3.0,143.0,Medio
37.0,87.0,11.2,4.0,7.2,3.0,5.0,1800.0,1.0,118.0,Bajo
19.0,67.0,8.0,3.0,5.1,4.0,6.0,1800.0,0.0,147.0,Bajo
20.0,84.1,10.7,4.0,7.8,3.0,8.0,1800.0,5.0,81.0,Medio
29.0,95.3,4.7,4.0,6.7,3.0,6.0,1800.0,1.0,205.0,Medio
34.0,92.1,7.2,3.0,8.7,4.0,7.0,1800.0,1.0,155.0,Bajo
36.0,80.8,4.1,4.0,7.9,3.0,6.0,1800.0,3.0,138.0,Medio
28.0,75.9,5.8,1.0,8.6,6.0,5.0,1800.0,3.0,135.0,Bajo
32.0,73.8,6.2,2.0,6.0,5.0,6.0,1800.0,3.0,181.0,Bajo
30.0,88.1,4.8,5.0,6.8,2.0,7.0,1800.0,2.0,172.0,Medio
40.0,84.5,3.4,3.0,5.7,4.0,5.0,1642.0,3.0,92.0,Bajo
33.0,90.2,2.8,1.0,6.4,6.0,7.0,1800.0,3.0,169.0,Medio
27.0,83.7,1.0,1.0,8.7,6.0,6.0,594.0,3.0,112.0,Bajo
40.0,92.6,3.8,6.0,9.0,1.0,7.0,1800.0,3.0,234.0,Medio
20.0,83.2,8.9,2.0,5.8,5.0,9.0,1800.0,4.0,177.0,Medio
40.0,92.2,2.2,1.0,6.7,6.0,6.0,1431.0,2.0,56.0,Bajo
21.0,93.3,2.9,5.0,7.1,2.0,8.0,1800.0,1.0,263.0,Alto
24.0,71.5,12.4,4.0,7.9,3.0,3.0,1800.0,2.0,0.0,Bajo
36.0,58.5,5.1,3.0,5.1,4.0,6.0,1800.0,4.0,145.0,Alto
34.0,102.1,8.0,6.0,5.3,1.0,7.0,1800.0,0.0,51.0,Alto
40.0,85.3,8.9,2.0,7.8,5.0,10.0,1800.0,0.0,232.0,Medio
35.0,59.7,9.0,4.0,4.9,3.0,3.0,1800.0,4.0,118.0,Medio
32.0,72.7,2.4,5.0,6.7,2.0,6.0,1450.0,5.0,44.0,Medio
25.0,92.0,6.3,4.0,7.4,3.0,9.0,1800.0,0.0,81.0,Bajo
18.0,78.4,2.1,2.0,7.7,5.0,5.0,1106.0,2.0,50.0,Bajo
20.0,75.3,14.3,5.0,7.0,2.0,6.0,1800.0,1.0,79.0,Medio
24.0,100.2,2.2,5.0,6.8,2.0,7.0,1502.0,2.0,77.0,Bajo
18.0,68.4,3.9,1.0,8.2,6.0,7.0,1800.0,3.0,47.0,Bajo
29.0,71.6,3.9,1.0,7.5,6.0,9.0,1800.0,0.0,119.0,Bajo
35.0,84.7,2.5,5.0,6.4,2.0,7.0,1749.0,0.0,127.0,Bajo
40.0,87.1,11.1,1.0,7.2,6.0,9.0,1800.0,2.0,30.0,Medio
29.0,88.5,14.3,6.0,7.7,1.0,6.0,1800.0,2.0,0.0,Bajo
38.0,93.8,5.6,1.0,9.3,6.0,5.0,1800.0,0.0,122.0,Bajo
40.0,84.6,3.0,6.0,8.1,1.0,6.0,1782.0,4.0,137.0,Bajo
37.0,88.4,1.0,5.0,8.7,2.0,4.0,445.0,1.0,151.0,Bajo
28.0,78.6,6.3,3.0,6.5,4.0,7.0,1800.0,1.0,139.0,Medio
25.0,82.8,6.1,2.0,6.6,5.0,6.0,1800.0,3.0,210.0,Medio
40.0,83.4,5.0,3.0,6.9,4.0,5.0,1800.0,2.0,170.0,Medio
23.0,84.8,7.7,5.0,7.0,2.0,7.0,1800.0,4.0,288.0,Alto
27.0,92.0,8.2,5.0,6.0,2.0,4.0,1800.0,0.0,300.0,Medio
19.0,89.2,8.0,2.0,8.7,5.0,8.0,1800.0,0.0,0.0,Bajo
36.0,82.6,6.1,4.0,8.3,3.0,6.0,1800.0,2.0,0.0,Bajo
32.0,71.5,3.7,6.0,6.8,1.0,9.0,1800.0,2.0,99.0,Medio
19.0,82.9,9.0,2.0,8.0,5.0,6.0,1800.0,0.0,135.0,Bajo
23.0,81.6,7.0,5.0,7.5,2.0,8.0,1800.0,0.0,95.0,Medio
30.0,84.5,9.7,2.0,8.1,5.0,7.0,1800.0,3.0,149.0,Bajo
30.0,110.7,9.4,6.0,5.6,1.0,8.0,1800.0,1.0,81.0,Medio
36.0,75.2,2.7,2.0,7.0,5.0,7.0,1800.0,0.0,51.0,Bajo
24.0,87.5,2.7,2.0,7.1,5.0,4.0,1243.0,4.0,62.0,Bajo
39.0,95.9,4.7,3.0,7.9,4.0,8.0,1800.0,1.0,86.0,Bajo
28.0,83.3,3.8,3.0,6.4,4.0,6.0,1800.0,4.0,159.0,Medio
36.0,112.4,9.3,2.0,4.2,5.0,8.0,1800.0,2.0,66.0,Medio
23.0,77.1,8.1,4.0,5.9,3.0,8.0,1800.0,3.0,80.0,Alto
18.0,86.2,10.3,1.0,7.1,6.0,5.0,1800.0,2.0,140.0,Bajo
19.0,71.6,8.2,6.0,7.3,1.0,5.0,1800.0,0.0,86.0,Medio
26.0,77.4,7.6,1.0,9.2,6.0,8.0,1800.0,0.0,178.0,Bajo
39.0,85.2,10.6,3.0,7.9,4.0,6.0,1800.0,2.0,36.0,Bajo
19.0,93.0,8.4,6.0,7.3,1.0,8.0,1800.0,3.0,20.0,Medio
26.0,86.1,7.2,1.0,7.2,6.0,6.0,1800.0,0.0,121.0,Bajo
20.0,98.4,11.4,1.0,8.5,6.0,8.0,1800.0,2.0,128.0,Medio
39.0,80.8,7.3,5.0,6.5,2.0,7.0,1800.0,0.0,39.0,Medio
33.0,77.7,6.1,1.0,7.0,6.0,7.0,1800.0,3.0,194.0,Medio
35.0,117.2,4.5,6.0,5.9,1.0,6.0,1800.0,2.0,235.0,Medio
34.0,87.1,9.1,3.0,8.9,4.0,7.0,1800.0,4.0,56.0,Medio
33.0,72.6,10.7,6.0,7.7,1.0,9.0,1800.0,4.0,204.0,Medio
35.0,73.0,6.8,2.0,6.4,5.0,6.0,1800.0,3.0,0.0,Bajo
18.0,69.7,10.9,1.0,7.1,6.0,7.0,1800.0,4.0,175.0,Medio
37.0,94.2,1.1,6.0,7.8,1.0,7.0,766.0,1.0,40.0,Bajo
35.0,77.3,6.8,5.0,6.9,2.0,7.0,1800.0,8.0,168.0,Alto
35.0,83.7,6.9,6.0,6.6,1.0,10.0,1800.0,0.0,33.0,Medio
27.0,81.2,4.8,2.0,6.4,5.0,9.0,1800.0,1.0,95.0,Medio
36.0,91.5,14.2,3.0,7.6,4.0,7.0,1800.0,4.0,43.0,Alto
26.0,71.0,6.8,4.0,6.8,3.0,7.0,1800.0,4.0,85.0,Medio
19.0,68.0,5.8,3.0,6.7,4.0,5.0,1800.0,3.0,228.0,Medio
38.0,84.9,7.1,2.0,5.6,5.0,6.0,1800.0,4.0,92.0,Alto
23.0,89.8,1.0,3.0,7.3,4.0,7.0,727.0,0.0,248.0,Bajo
20.0,86.3,4.7,4.0,7.0,3.0,8.0,1800.0,5.0,73.0,Bajo
32.0,71.5,9.9,1.0,6.8,6.0,8.0,1800.0,2.0,204.0,Bajo
23.0,90.8,5.1,3.0,7.4,4.0,5.0,1800.0,5.0,0.0,Bajo
37.0,72.3,4.5,2.0,8.1,5.0,8.0,1800.0,0.0,80.0,Medio
28.0,75.2,10.9,1.0,8.0,6.0,6.0,1800.0,3.0,62.0,Bajo
18.0,69.7,11.0,1.0,7.9,6.0,5.0,1800.0,1.0,208.0,Bajo
39.0,98.9,8.6,3.0,6.9,4.0,9.0,1800.0,3.0,113.0,Medio
29.0,90.2,5.6,1.0,6.5,6.0,9.0,1800.0,3.0,0.0,Bajo
24.0,89.9,6.3,3.0,5.9,4.0,7.0,1800.0,3.0,8.0,Medio
33.0,98.2,4.6,4.0,6.5,3.0,8.0,1800.0,0.0,29.0,Bajo
30.0,118.6,4.0,6.0,7.2,1.0,8.0,1800.0,2.0,165.0,Alto
18.0,59.8,3.9,1.0,6.3,6.0,9.0,1800.0,2.0,156.0,Medio
35.0,72.4,5.1,3.0,7.3,4.0,8.0,1800.0,3.0,79.0,Medio
27.0,74.0,3.9,1.0,6.0,6.0,4.0,1421.0,4.0,62.0,Bajo
34.0,70.9,2.3,3.0,5.2,4.0,10.0,1800.0,3.0,150.0,Medio
38.0,68.0,7.7,3.0,8.2,4.0,8.0,1800.0,0.0,21.0,Bajo
32.0,78.1,7.7,5.0,6.6,2.0,6.0,1800.0,2.0,132.0,Bajo
33.0,66.2,12.1,3.0,6.2,4.0,5.0,1800.0,7.0,126.0,Alto
23.0,86.4,5.0,6.0,5.9,1.0,7.0,1800.0,5.0,81.0,Medio
23.0,82.7,7.9,1.0,7.7,6.0,6.0,1800.0,0.0,128.0,Bajo
27.0,88.3,7.9,1.0,8.8,6.0,7.0,1800.0,2.0,107.0,Bajo
37.0,88.6,6.2,1.0,6.7,6.0,8.0,1800.0,4.0,135.0,Medio
30.0,89.8,9.2,3.0,6.9,4.0,5.0,1800.0,2.0,7.0,Bajo
26.0,77.1,9.3,2.0,8.5,5.0,4.0,1800.0,1.0,143.0,Bajo
35.0,109.6,8.0,1.0,5.0,6.0,7.0,1800.0,2.0,172.0,Medio
37.0,85.0,6.2,2.0,9.6,5.0,6.0,1800.0,3.0,122.0,Bajo
38.0,57.8,5.9,6.0,10.0,1.0,7.0,1800.0,0.0,142.0,Bajo
24.0,69.0,2.9,5.0,4.0,2.0,4.0,1153.0,5.0,92.0,Medio
34.0,59.4,4.6,1.0,7.1,6.0,6.0,1800.0,2.0,162.0,Medio
31.0,82.2,5.1,6.0,6.3,1.0,8.0,1800.0,0.0,105.0,Medio
28.0,80.4,3.6,2.0,6.9,5.0,8.0,1800.0,4.0,20.0,Medio
27.0,75.9,8.3,3.0,6.7,4.0,5.0,1800.0,0.0,157.0,Medio
20.0,108.1,10.6,2.0,8.2,5.0,4.0,1800.0,1.0,0.0,Medio
24.0,89.1,4.3,3.0,7.1,4.0,7.0,1800.0,1.0,120.0,Bajo
30.0,91.4,7.9,5.0,6.1,2.0,8.0,1800.0,6.0,73.0,Alto
38.0,69.9,3.9,5.0,7.0,2.0,7.0,1800.0,1.0,69.0,Bajo
37.0,69.0,6.1,4.0,7.8,3.0,6.0,1800.0,0.0,112.0,Bajo
22.0,82.5,4.9,4.0,5.8,3.0,7.0,1800.0,1.0,50.0,Bajo
33.0,84.2,8.8,5.0,5.2,2.0,9.0,1800.0,3.0,136.0,Alto
19.0,57.9,5.0,2.0,9.6,5.0,7.0,1800.0,4.0,104.0,Bajo
33.0,79.7,10.0,3.0,6.4,4.0,4.0,1800.0,7.0,57.0,Alto
25.0,82.2,6.3,1.0,7.0,6.0,7.0,1800.0,5.0,194.0,Medio
28.0,79.2,5.1,5.0,6.7,2.0,10.0,1800.0,3.0,114.0,Alto
34.0,71.4,3.2,3.0,7.9,4.0,4.0,1004.0,0.0,144.0,Bajo
27.0,75.0,7.8,4.0,9.3,3.0,7.0,1800.0,5.0,199.0,Medio
36.0,79.7,9.7,4.0,7.9,3.0,6.0,1800.0,1.0,198.0,Medio
30.0,83.2,7.8,2.0,5.4,5.0,7.0,1800.0,1.0,141.0,Medio
40.0,89.9,13.7,1.0,5.5,6.0,7.0,1800.0,1.0,79.0,Bajo
32.0,96.1,11.3,6.0,6.7,1.0,9.0,1800.0,0.0,0.0,Alto
24.0,78.2,6.1,2.0,6.9,5.0,7.0,1800.0,1.0,114.0,Bajo
35.0,76.1,6.0,1.0,5.1,6.0,9.0,1800.0,2.0,177.0,Medio
27.0,87.7,8.4,2.0,8.2,5.0,6.0,1800.0,4.0,125.0,Bajo
30.0,89.9,4.5,6.0,5.9,1.0,6.0,1800.0,1.0,0.0,Medio
21.0,76.4,10.5,2.0,9.0,5.0,5.0,1800.0,0.0,161.0,Bajo
20.0,92.3,8.1,6.0,9.4,1.0,3.0,1800.0,0.0,165.0,Medio
31.0,94.7,7.8,3.0,6.9,4.0,7.0,1800.0,3.0,79.0,Bajo
22.0,98.8,9.1,6.0,7.7,1.0,10.0,1800.0,2.0,169.0,Alto
40.0,105.1,12.2,4.0,5.7,3.0,7.0,1800.0,1.0,144.0,Medio
37.0,70.7,7.5,1.0,7.9,6.0,8.0,1800.0,1.0,52.0,Medio
34.0,82.2,6.7,4.0,6.6,3.0,6.0,1800.0,3.0,189.0,Medio
34.0,82.1,11.5,3.0,5.9,4.0,6.0,1800.0,5.0,11.0,Medio
31.0,80.7,9.9,2.0,6.9,5.0,8.0,1800.0,1.0,96.0,Bajo
19.0,73.6,6.0,4.0,6.6,3.0,10.0,1800.0,2.0,89.0,Medio
27.0,62.7,7.0,1.0,6.8,6.0,9.0,1800.0,4.0,42.0,Medio
29.0,83.2,7.6,5.0,8.3,2.0,8.0,1800.0,1.0,121.0,Medio
39.0,72.0,8.1,5.0,6.3,2.0,7.0,1800.0,2.0,192.0,Medio
23.0,83.1,2.9,1.0,9.3,6.0,7.0,1800.0,2.0,187.0,Bajo
29.0,71.7,2.4,3.0,5.6,4.0,5.0,1051.0,0.0,151.0,Bajo
25.0,67.7,4.3,4.0,7.2,3.0,4.0,1675.0,3.0,0.0,Bajo
21.0,85.0,4.1,1.0,6.0,6.0,4.0,1607.0,2.0,6.0,Bajo
20.0,84.0,5.1,3.0,7.2,4.0,7.0,1800.0,3.0,112.0,Medio
26.0,89.5,8.9,2.0,6.6,5.0,6.0,1800.0,0.0,98.0,Bajo
19.0,110.4,6.5,1.0,6.8,6.0,4.0,1800.0,2.0,65.0,Bajo
19.0,85.6,7.6,5.0,8.2,2.0,6.0,1800.0,5.0,233.0,Alto
26.0,88.3,3.3,3.0,9.0,4.0,6.0,1800.0,6.0,107.0,Bajo
22.0,68.0,5.6,5.0,8.6,2.0,4.0,1800.0,5.0,138.0,Bajo
30.0,65.3,8.8,4.0,6.7,3.0,6.0,1800.0,0.0,169.0,Medio
18.0,102.6,8.8,6.0,7.4,1.0,6.0,1800.0,3.0,104.0,Alto
24.0,70.0,4.8,6.0,6.3,1.0,5.0,1800.0,1.0,281.0,Alto
28.0,68.4,7.5,4.0,6.0,3.0,8.0,1800.0,3.0,34.0,Medio
40.0,81.5,13.6,3.0,5.8,4.0,3.0,1800.0,1.0,58.0,Medio
32.0,80.8,6.9,3.0,6.7,4.0,3.0,1800.0,0.0,34.0,Bajo
38.0,70.3,4.9,5.0,7.5,2.0,7.0,1800.0,2.0,209.0,Medio
25.0,78.0,6.5,3.0,4.9,4.0,7.0,1800.0,4.0,156.0,Medio
28.0,98.0,7.3,4.0,7.1,3.0,7.0,1800.0,3.0,62.0,Medio
27.0,71.5,6.5,2.0,9.0,5.0,6.0,1800.0,3.0,40.0,Bajo
38.0,63.9,6.9,6.0,8.5,1.0,5.0,1800.0,3.0,197.0,Medio
40.0,94.3,2.7,4.0,6.5,3.0,6.0,1685.0,3.0,125.0,Bajo
40.0,88.4,4.1,2.0,5.5,5.0,6.0,1800.0,3.0,199.0,Medio
35.0,73.9,6.6,4.0,7.8,3.0,9.0,1800.0,2.0,96.0,Medio
29.0,61.4,6.5,3.0,4.4,4.0,6.0,1800.0,2.0,136.0,Medio
30.0,72.3,5.3,1.0,8.5,6.0,6.0,1800.0,6.0,121.0,Bajo
40.0,81.3,6.5,6.0,6.9,1.0,10.0,1800.0,2.0,56.0,Medio
24.0,97.2,7.2,6.0,9.4,1.0,6.0,1800.0,2.0,90.0,Bajo
25.0,68.5,9.7,6.0,5.1,1.0,8.0,1800.0,2.0,17.0,Alto
38.0,80.9,6.7,3.0,8.3,4.0,8.0,1800.0,2.0,135.0,Medio
26.0,90.8,8.2,2.0,7.1,5.0,8.0,1800.0,1.0,153.0,Medio
23.0,51.0,5.4,1.0,6.8,6.0,7.0,1800.0,3.0,169.0,Bajo
30.0,95.4,8.7,5.0,5.6,2.0,7.0,1800.0,1.0,147.0,Medio
25.0,66.6,8.1,2.0,7.9,5.0,7.0,1800.0,2.0,91.0,Medio
38.0,86.3,9.6,6.0,8.0,1.0,5.0,1800.0,1.0,209.0,Medio
38.0,85.2,9.1,6.0,9.3,1.0,7.0,1800.0,2.0,162.0,Medio
25.0,96.1,8.8,1.0,8.4,6.0,10.0,1800.0,3.0,197.0,Medio
30.0,89.2,6.7,6.0,6.5,1.0,9.0,1800.0,2.0,202.0,Medio
40.0,51.1,7.7,1.0,6.0,6.0,7.0,1800.0,0.0,91.0,Bajo
35.0,71.8,10.2,3.0,5.6,4.0,8.0,1800.0,3.0,127.0,Medio
22.0,83.8,5.0,3.0,9.0,4.0,5.0,1800.0,2.0,154.0,Bajo
31.0,79.5,5.1,6.0,6.3,1.0,6.0,1800.0,0.0,20.0,Medio
32.0,88.2,7.5,4.0,9.0,3.0,8.0,1800.0,4.0,21.0,Medio
33.0,92.3,8.2,6.0,7.8,1.0,9.0,1800.0,0.0,9.0,Medio
18.0,89.9,4.5,4.0,7.6,3.0,5.0,1800.0,4.0,92.0,Medio
24.0,79.2,6.8,5.0,6.8,2.0,6.0,1800.0,2.0,77.0,Alto
37.0,58.0,6.7,6.0,8.0,1.0,6.0,1800.0,0.0,0.0,Medio
23.0,76.1,1.0,6.0,7.2,1.0,7.0,877.0,3.0,110.0,Bajo
24.0,87.4,6.3,3.0,6.8,4.0,10.0,1800.0,1.0,93.0,Medio
25.0,67.8,6.5,3.0,8.0,4.0,7.0,1800.0,1.0,183.0,Medio
22.0,90.2,6.5,6.0,7.0,1.0,7.0,1800.0,1.0,241.0,Medio
21.0,93.8,11.2,5.0,6.2,2.0,6.0,1800.0,2.0,132.0,Medio
25.0,83.6,3.4,6.0,7.9,1.0,8.0,1800.0,1.0,51.0,Medio
38.0,50.0,4.5,4.0,7.1,3.0,9.0,1800.0,0.0,145.0,Bajo
18.0,65.4,1.0,6.0,7.8,1.0,5.0,478.0,5.0,101.0,Bajo
24.0,106.5,5.6,5.0,6.7,2.0,6.0,1800.0,2.0,83.0,Bajo
19.0,74.9,5.8,5.0,5.7,2.0,8.0,1800.0,1.0,40.0,Medio
30.0,56.2,5.5,2.0,9.3,5.0,6.0,1800.0,0.0,68.0,Bajo
23.0,98.1,10.3,4.0,9.1,3.0,6.0,1800.0,4.0,88.0,Medio
36.0,82.2,9.6,5.0,8.3,2.0,8.0,1800.0,0.0,156.0,Medio
31.0,96.4,7.2,5.0,6.7,2.0,8.0,1800.0,2.0,136.0,Medio
36.0,85.6,5.9,6.0,6.8,1.0,6.0,1800.0,1.0,228.0,Alto
32.0,88.0,10.1,2.0,8.9,5.0,7.0,1800.0,1.0,147.0,Medio
28.0,86.7,6.9,2.0,6.8,5.0,4.0,1800.0,0.0,130.0,Bajo
37.0,91.1,4.5,6.0,6.4,1.0,5.0,1800.0,1.0,79.0,Medio
28.0,111.6,1.9,6.0,9.4,1.0,7.0,1300.0,2.0,27.0,Bajo
39.0,94.6,5.7,2.0,7.1,5.0,7.0,1800.0,3.0,60.0,Bajo
40.0,61.5,9.3,3.0,9.3,4.0,5.0,1800.0,1.0,51.0,Bajo
31.0,87.8,13.8,6.0,5.5,1.0,5.0,1800.0,2.0,0.0,Medio
33.0,96.8,7.2,2.0,7.8,5.0,5.0,1800.0,4.0,29.0,Bajo
23.0,97.6,4.7,5.0,9.7,2.0,7.0,1800.0,0.0,212.0,Bajo
36.0,76.5,3.4,1.0,7.2,6.0,3.0,896.0,2.0,126.0,Bajo
33.0,97.1,8.7,2.0,6.9,5.0,5.0,1800.0,0.0,74.0,Bajo
38.0,94.1,1.7,5.0,5.8,2.0,3.0,731.0,0.0,128.0,Bajo
24.0,115.4,8.7,4.0,8.5,3.0,7.0,1800.0,3.0,0.0,Bajo
36.0,72.2,9.5,4.0,6.3,3.0,3.0,1800.0,1.0,120.0,Bajo
28.0,75.4,8.3,6.0,7.1,1.0,7.0,1800.0,0.0,189.0,Medio
22.0,78.0,6.3,2.0,5.7,5.0,9.0,1800.0,5.0,92.0,Medio
21.0,75.6,8.7,4.0,9.1,3.0,10.0,1800.0,4.0,0.0,Medio
30.0,70.4,7.5,4.0,8.6,3.0,3.0,1800.0,0.0,71.0,Bajo
25.0,50.0,4.7,5.0,7.2,2.0,7.0,1800.0,0.0,190.0,Medio
20.0,76.3,12.6,2.0,5.8,5.0,5.0,1800.0,3.0,118.0,Medio
27.0,86.8,5.9,4.0,9.0,3.0,4.0,1800.0,2.0,1.0,Bajo
33.0,75.6,9.3,3.0,6.8,4.0,6.0,1800.0,5.0,266.0,Medio
25.0,107.2,1.0,4.0,5.9,3.0,9.0,833.0,3.0,12.0,Bajo
39.0,82.2,10.8,6.0,5.1,1.0,8.0,1800.0,3.0,83.0,Alto
35.0,98.8,11.4,3.0,6.4,4.0,5.0,1800.0,0.0,27.0,Bajo
29.0,85.4,7.1,5.0,5.5,2.0,8.0,1800.0,3.0,27.0,Medio
39.0,92.7,8.7,6.0,6.5,1.0,2.0,1800.0,0.0,68.0,Medio
27.0,85.6,8.7,5.0,8.1,2.0,5.0,1800.0,5.0,145.0,Bajo
21.0,99.8,5.1,6.0,6.7,1.0,5.0,1800.0,3.0,190.0,Medio
18.0,82.7,8.6,4.0,7.6,3.0,7.0,1800.0,1.0,73.0,Bajo
39.0,88.4,4.6,2.0,6.3,5.0,6.0,1800.0,4.0,29.0,Medio
40.0,86.8,5.2,6.0,7.3,1.0,6.0,1800.0,7.0,134.0,Alto
35.0,78.3,10.4,4.0,9.5,3.0,6.0,1800.0,2.0,136.0,Medio
20.0,87.3,9.9,2.0,6.8,5.0,7.0,1800.0,3.0,117.0,Bajo
24.0,111.0,4.9,2.0,7.7,5.0,7.0,1800.0,1.0,119.0,Bajo
18.0,78.5,4.8,2.0,5.3,5.0,7.0,1800.0,2.0,92.0,Medio
19.0,87.5,5.1,6.0,9.0,1.0,6.0,1800.0,0.0,107.0,Bajo
23.0,98.4,9.2,1.0,6.6,6.0,7.0,1800.0,2.0,87.0,Bajo
31.0,96.8,4.0,5.0,8.5,2.0,8.0,1800.0,2.0,175.0,Bajo
19.0,82.2,8.1,4.0,7.1,3.0,5.0,1800.0,6.0,256.0,Alto
40.0,51.0,9.2,1.0,7.9,6.0,6.0,1800.0,0.0,113.0,Medio
28.0,88.7,6.7,4.0,8.0,3.0,9.0,1800.0,2.0,100.0,Bajo
24.0,53.1,10.0,5.0,6.7,2.0,5.0,1800.0,5.0,118.0,Alto
29.0,101.1,6.1,5.0,8.5,2.0,10.0,1800.0,2.0,54.0,Medio
36.0,84.2,6.4,4.0,6.3,3.0,4.0,1800.0,2.0,154.0,Bajo
25.0,95.0,4.1,3.0,8.1,4.0,6.0,1800.0,1.0,131.0,Bajo
19.0,70.3,10.1,1.0,6.7,6.0,5.0,1800.0,0.0,71.0,Bajo
19.0,61.8,4.7,1.0,7.6,6.0,10.0,1800.0,0.0,163.0,Bajo
37.0,85.4,8.0,3.0,6.6,4.0,6.0,1800.0,1.0,101.0,Medio
20.0,81.6,6.8,4.0,7.3,3.0,6.0,1800.0,0.0,32.0,Medio
32.0,75.6,3.8,1.0,5.9,6.0,6.0,1800.0,2.0,125.0,Bajo
26.0,83.1,5.2,6.0,7.5,1.0,7.0,1800.0,1.0,117.0,Bajo
35.0,118.0,11.1,4.0,7.3,3.0,6.0,1800.0,1.0,167.0,Bajo
19.0,92.8,7.6,2.0,6.6,5.0,6.0,1800.0,1.0,158.0,Bajo
38.0,95.6,4.0,6.0,7.1,1.0,1.0,365.0,2.0,92.0,Bajo
34.0,93.0,7.9,2.0,7.4,5.0,7.0,1800.0,1.0,67.0,Bajo
28.0,101.2,6.6,6.0,6.5,1.0,7.0,1800.0,0.0,100.0,Bajo
22.0,79.5,17.4,2.0,7.0,5.0,8.0,1800.0,2.0,125.0,Medio
40.0,55.3,7.9,3.0,6.0,4.0,9.0,1800.0,4.0,134.0,Medio
24.0,79.5,5.9,3.0,10.0,4.0,6.0,1800.0,2.0,121.0,Bajo
29.0,92.6,11.3,6.0,8.5,1.0,8.0,1800.0,1.0,94.0,Medio
27.0,69.4,1.5,2.0,7.5,5.0,5.0,627.0,2.0,170.0,Bajo
23.0,79.7,7.3,6.0,8.6,1.0,8.0,1800.0,0.0,53.0,Medio
27.0,73.0,13.0,3.0,4.8,4.0,5.0,1800.0,2.0,274.0,Medio
21.0,101.5,6.7,2.0,4.1,5.0,4.0,1800.0,1.0,153.0,Medio
18.0,91.7,1.8,4.0,6.7,3.0,6.0,1142.0,0.0,21.0,Bajo
24.0,90.5,5.8,5.0,5.5,2.0,9.0,1800.0,1.0,113.0,Medio
20.0,90.1,11.4,3.0,6.9,4.0,7.0,1800.0,1.0,154.0,Medio
27.0,81.5,8.1,1.0,7.4,6.0,9.0,1800.0,4.0,76.0,Medio
37.0,84.6,4.5,3.0,8.3,4.0,5.0,1800.0,4.0,0.0,Bajo
21.0,66.6,4.9,4.0,5.8,3.0,8.0,1800.0,0.0,27.0,Bajo
18.0,53.6,5.3,1.0,7.7,6.0,5.0,1800.0,1.0,138.0,Bajo
20.0,84.0,8.1,1.0,7.2,6.0,7.0,1800.0,1.0,0.0,Bajo
29.0,86.2,11.0,6.0,7.6,1.0,7.0,1800.0,4.0,0.0,Medio
24.0,97.7,10.2,1.0,6.6,6.0,8.0,1800.0,2.0,138.0,Medio
29.0,102.4,8.4,3.0,8.9,4.0,7.0,1800.0,2.0,84.0,Bajo
18.0,102.4,3.0,5.0,7.1,2.0,5.0,1456.0,3.0,51.0,Bajo
25.0,69.0,3.0,2.0,9.3,5.0,8.0,1800.0,1.0,65.0,Bajo
27.0,77.4,8.6,3.0,6.3,4.0,10.0,1800.0,5.0,0.0,Alto
27.0,88.2,3.0,1.0,8.1,6.0,5.0,1309.0,2.0,134.0,Bajo
30.0,114.9,6.3,5.0,7.1,2.0,3.0,1768.0,0.0,44.0,Medio
35.0,101.2,7.9,4.0,6.8,3.0,7.0,1800.0,2.0,62.0,Alto
28.0,96.6,3.6,6.0,8.0,1.0,6.0,1800.0,5.0,124.0,Bajo
37.0,77.0,3.9,6.0,6.8,1.0,6.0,1800.0,1.0,82.0,Bajo
30.0,70.5,6.7,3.0,4.0,4.0,8.0,1800.0,4.0,51.0,Bajo
23.0,92.3,8.5,1.0,3.5,6.0,6.0,1800.0,1.0,0.0,Medio
23.0,67.7,10.2,3.0,8.7,4.0,6.0,1800.0,1.0,126.0,Medio
25.0,78.9,8.8,1.0,8.7,6.0,6.0,1800.0,4.0,106.0,Bajo
31.0,80.5,7.2,4.0,9.5,3.0,9.0,1800.0,0.0,64.0,Bajo
23.0,102.7,4.8,1.0,7.2,6.0,7.0,1800.0,4.0,27.0,Bajo
39.0,77.4,3.8,6.0,5.6,1.0,4.0,1492.0,3.0,101.0,Medio
29.0,50.3,5.5,4.0,7.2,3.0,4.0,1800.0,0.0,134.0,Medio
37.0,88.6,8.2,2.0,7.2,5.0,7.0,1800.0,2.0,107.0,Medio
33.0,72.9,8.0,6.0,6.0,1.0,4.0,1800.0,1.0,215.0,Medio
25.0,82.6,1.0,5.0,9.2,2.0,4.0,425.0,3.0,149.0,Bajo
23.0,80.9,4.6,3.0,9.9,4.0,8.0,1800.0,6.0,92.0,Medio
35.0,78.4,10.6,1.0,7.8,6.0,8.0,1800.0,1.0,152.0,Medio
25.0,92.3,7.2,3.0,7.2,4.0,6.0,1800.0,3.0,103.0,Bajo
23.0,62.1,2.7,4.0,5.6,3.0,7.0,1800.0,2.0,103.0,Medio
39.0,75.3,14.1,5.0,9.1,2.0,7.0,1800.0,2.0,191.0,Alto
29.0,90.9,6.9,2.0,7.3,5.0,8.0,1800.0,2.0,37.0,Medio
19.0,74.0,8.2,5.0,6.9,2.0,8.0,1800.0,0.0,102.0,Medio
29.0,61.1,8.2,2.0,7.8,5.0,2.0,1671.0,3.0,183.0,Medio
28.0,90.7,5.9,2.0,6.5,5.0,6.0,1800.0,2.0,122.0,Bajo
37.0,96.6,4.8,3.0,7.4,4.0,7.0,1800.0,0.0,74.0,Medio
34.0,81.4,13.4,1.0,5.5,6.0,6.0,1800.0,4.0,0.0,Medio
22.0,56.5,10.0,3.0,8.5,4.0,7.0,1800.0,2.0,0.0,Medio
21.0,91.2,9.5,3.0,7.1,4.0,8.0,1800.0,2.0,245.0,Medio
31.0,60.4,8.7,2.0,8.6,5.0,7.0,1800.0,5.0,122.0,Bajo
19.0,86.0,4.0,5.0,7.0,2.0,9.0,1800.0,0.0,59.0,Bajo
25.0,70.5,10.8,2.0,7.0,5.0,9.0,1800.0,5.0,124.0,Alto
21.0,66.9,4.5,5.0,5.7,2.0,6.0,1800.0,0.0,34.0,Bajo
18.0,76.3,7.8,5.0,8.1,2.0,6.0,1800.0,3.0,77.0,Bajo
39.0,79.6,2.1,4.0,6.1,3.0,1.0,76.0,1.0,34.0,Bajo
20.0,73.6,1.0,2.0,6.6,5.0,6.0,766.0,0.0,1.0,Bajo
18.0,89.7,8.0,5.0,7.2,2.0,4.0,1800.0,5.0,0.0,Alto
39.0,76.2,4.6,2.0,7.3,5.0,7.0,1800.0,6.0,0.0,Bajo
22.0,94.7,1.0,2.0,5.2,5.0,7.0,750.0,2.0,171.0,Medio
36.0,85.7,8.6,6.0,6.9,1.0,8.0,1800.0,3.0,31.0,Medio
18.0,72.9,13.4,3.0,8.2,4.0,9.0,1800.0,2.0,137.0,Medio
21.0,70.7,11.2,5.0,6.7,2.0,6.0,1800.0,6.0,167.0,Alto
20.0,60.6,6.2,1.0,6.9,6.0,10.0,1800.0,0.0,101.0,Bajo
34.0,85.8,7.0,4.0,7.4,3.0,7.0,1800.0,3.0,79.0,Medio
32.0,77.4,9.7,6.0,7.0,1.0,4.0,1800.0,1.0,109.0,Bajo
28.0,51.2,10.4,5.0,6.0,2.0,5.0,1800.0,0.0,71.0,Bajo
23.0,75.0,6.0,4.0,7.2,3.0,6.0,1800.0,1.0,184.0,Medio
20.0,70.3,7.1,6.0,8.4,1.0,8.0,1800.0,6.0,231.0,Medio
31.0,102.5,7.9,2.0,5.9,5.0,5.0,1800.0,1.0,201.0,Medio
23.0,59.9,8.7,3.0,6.8,4.0,6.0,1800.0,4.0,0.0,Medio
31.0,63.3,6.6,1.0,5.5,6.0,6.0,1800.0,5.0,69.0,Bajo
33.0,96.4,6.6,5.0,8.3,2.0,6.0,1800.0,2.0,100.0,Medio
37.0,99.6,11.1,5.0,7.1,2.0,8.0,1800.0,2.0,132.0,Medio
29.0,72.3,10.6,5.0,6.2,2.0,8.0,1800.0,0.0,0.0,Bajo
18.0,73.8,8.4,5.0,7.3,2.0,9.0,1800.0,1.0,0.0,Medio
24.0,90.0,12.2,1.0,5.8,6.0,6.0,1800.0,4.0,191.0,Medio
37.0,51.7,5.8,4.0,6.0,3.0,9.0,1800.0,2.0,61.0,Medio
30.0,57.8,11.9,5.0,5.4,2.0,4.0,1800.0,3.0,0.0,Medio
32.0,78.4,8.6,2.0,5.9,5.0,4.0,1800.0,2.0,23.0,Bajo
28.0,102.1,16.8,3.0,8.8,4.0,4.0,1800.0,7.0,127.0,Medio
21.0,76.3,3.4,6.0,6.3,1.0,7.0,1800.0,1.0,42.0,Bajo
38.0,83.3,4.9,3.0,7.8,4.0,9.0,1800.0,5.0,117.0,Medio
35.0,96.7,8.3,5.0,7.2,2.0,5.0,1800.0,2.0,31.0,Medio
40.0,109.4,8.2,4.0,8.1,3.0,6.0,1800.0,6.0,0.0,Medio
37.0,74.5,12.9,4.0,6.0,3.0,6.0,1800.0,0.0,200.0,Alto
24.0,81.8,5.0,4.0,7.2,3.0,8.0,1800.0,3.0,128.0,Medio
23.0,105.7,9.7,4.0,7.3,3.0,6.0,1800.0,1.0,77.0,Medio
23.0,62.2,10.5,5.0,10.0,2.0,6.0,1800.0,2.0,64.0,Medio
39.0,95.4,9.1,6.0,8.0,1.0,4.0,1800.0,5.0,203.0,Alto
30.0,68.8,4.1,2.0,6.5,5.0,5.0,1800.0,3.0,141.0,Medio
28.0,83.3,11.2,6.0,8.0,1.0,9.0,1800.0,5.0,180.0,Alto
40.0,78.8,10.7,4.0,9.8,3.0,7.0,1800.0,1.0,59.0,Bajo
31.0,69.5,8.8,4.0,5.2,3.0,5.0,1800.0,1.0,104.0,Medio
38.0,69.2,7.6,2.0,6.2,5.0,9.0,1800.0,2.0,128.0,Bajo
40.0,85.6,7.7,3.0,6.9,4.0,5.0,1800.0,2.0,61.0,Medio
19.0,94.9,6.8,4.0,6.7,3.0,9.0,1800.0,2.0,93.0,Medio
26.0,80.3,8.9,3.0,6.8,4.0,9.0,1800.0,0.0,59.0,Medio
34.0,82.9,7.1,2.0,5.6,5.0,7.0,1800.0,5.0,128.0,Medio
36.0,89.4,4.5,5.0,8.9,2.0,4.0,1797.0,1.0,8.0,Bajo
21.0,69.4,3.9,3.0,5.5,4.0,10.0,1800.0,5.0,140.0,Medio
25.0,91.6,4.7,4.0,7.0,3.0,7.0,1800.0,2.0,122.0,Bajo
30.0,92.7,7.7,1.0,8.5,6.0,6.0,1800.0,3.0,86.0,Bajo
36.0,115.8,6.9,1.0,7.2,6.0,8.0,1800.0,3.0,131.0,Bajo
20.0,77.1,7.6,6.0,6.0,1.0,8.0,1800.0,1.0,74.0,Medio
31.0,76.0,8.5,1.0,7.2,6.0,9.0,1800.0,3.0,53.0,Medio
24.0,92.0,5.1,5.0,6.9,2.0,5.0,1800.0,6.0,138.0,Medio
22.0,92.6,11.4,6.0,6.3,1.0,7.0,1800.0,3.0,141.0,Medio
29.0,75.0,6.2,3.0,7.4,4.0,4.0,1800.0,4.0,64.0,Bajo
27.0,76.8,5.7,6.0,5.5,1.0,8.0,1800.0,4.0,58.0,Alto
32.0,89.0,8.4,3.0,8.2,4.0,6.0,1800.0,3.0,87.0,Bajo
25.0,71.2,1.5,6.0,7.3,1.0,7.0,1216.0,3.0,61.0,Bajo
36.0,76.7,4.6,2.0,7.4,5.0,6.0,1800.0,3.0,207.0,Bajo
19.0,83.2,9.9,3.0,8.9,4.0,6.0,1800.0,4.0,122.0,Medio
37.0,94.9,1.8,3.0,6.7,4.0,5.0,1037.0,0.0,101.0,Bajo
18.0,74.1,10.4,5.0,6.3,2.0,8.0,1800.0,3.0,35.0,Alto
34.0,58.0,11.5,1.0,6.5,6.0,9.0,1800.0,2.0,152.0,Medio
25.0,57.1,5.9,5.0,7.0,2.0,5.0,1800.0,1.0,57.0,Medio
26.0,65.6,7.9,1.0,7.1,6.0,7.0,1800.0,5.0,54.0,Bajo
18.0,64.9,10.4,2.0,6.2,5.0,7.0,1800.0,1.0,154.0,Medio
34.0,80.0,5.6,4.0,4.8,3.0,7.0,1800.0,0.0,127.0,Medio
21.0,66.5,9.6,1.0,6.5,6.0,4.0,1800.0,4.0,0.0,Medio
33.0,72.9,5.0,3.0,7.6,4.0,4.0,1800.0,0.0,89.0,Bajo
34.0,71.9,5.6,6.0,7.4,1.0,5.0,1800.0,0.0,109.0,Bajo
37.0,76.3,4.6,5.0,8.6,2.0,3.0,1281.0,4.0,76.0,Bajo
34.0,99.2,8.0,1.0,9.5,6.0,9.0,1800.0,3.0,111.0,Bajo
24.0,90.6,10.5,4.0,8.1,3.0,7.0,1800.0,3.0,0.0,Medio
34.0,82.2,6.4,4.0,8.9,3.0,6.0,1800.0,1.0,0.0,Bajo
36.0,76.0,3.2,1.0,8.1,6.0,3.0,826.0,0.0,32.0,Bajo
25.0,76.4,3.8,4.0,9.3,3.0,3.0,1030.0,0.0,120.0,Bajo
20.0,86.3,8.2,4.0,9.4,3.0,6.0,1800.0,2.0,0.0,Medio
38.0,89.6,12.5,5.0,8.3,2.0,10.0,1800.0,0.0,41.0,Medio
21.0,70.2,8.2,2.0,8.0,5.0,5.0,1800.0,3.0,0.0,Bajo
31.0,82.5,5.8,2.0,7.0,5.0,8.0,1800.0,1.0,83.0,Bajo
23.0,55.6,9.3,5.0,7.2,2.0,6.0,1800.0,3.0,237.0,Medio
20.0,84.8,6.3,5.0,6.8,2.0,7.0,1800.0,3.0,85.0,Medio
35.0,91.9,5.9,1.0,7.9,6.0,9.0,1800.0,3.0,92.0,Bajo
21.0,78.4,4.1,2.0,6.3,5.0,6.0,1800.0,3.0,159.0,Medio
33.0,105.6,11.2,4.0,7.0,3.0,5.0,1800.0,2.0,101.0,Medio
33.0,70.5,1.0,5.0,4.4,2.0,9.0,843.0,3.0,85.0,Bajo
19.0,84.8,9.4,2.0,9.3,5.0,7.0,1800.0,3.0,165.0,Bajo
21.0,81.5,5.6,2.0,6.9,5.0,8.0,1800.0,0.0,133.0,Bajo
36.0,80.7,5.8,5.0,7.7,2.0,5.0,1800.0,3.0,120.0,Medio
29.0,80.5,12.1,5.0,8.9,2.0,9.0,1800.0,2.0,90.0,Medio
20.0,83.4,4.9,6.0,7.6,1.0,7.0,1800.0,3.0,76.0,Medio
40.0,93.0,5.0,5.0,8.9,2.0,7.0,1800.0,0.0,164.0,Bajo
24.0,99.9,6.6,6.0,5.7,1.0,7.0,1800.0,2.0,76.0,Alto
18.0,82.0,8.2,2.0,10.0,5.0,6.0,1800.0,0.0,186.0,Bajo
39.0,92.6,5.7,2.0,8.5,5.0,6.0,1800.0,4.0,27.0,Bajo
18.0,72.9,2.3,2.0,7.5,5.0,6.0,1473.0,0.0,200.0,Bajo
30.0,92.0,4.4,1.0,8.9,6.0,8.0,1800.0,0.0,133.0,Bajo
40.0,72.1,10.8,5.0,5.8,2.0,6.0,1800.0,3.0,32.0,Medio
31.0,96.2,7.2,4.0,6.9,3.0,4.0,1800.0,1.0,136.0,Bajo
31.0,110.7,8.4,1.0,8.9,6.0,3.0,1800.0,0.0,54.0,Bajo
26.0,80.4,6.2,2.0,5.0,5.0,3.0,1800.0,4.0,102.0,Medio
20.0,53.5,5.0,2.0,7.9,5.0,8.0,1800.0,4.0,66.0,Bajo
31.0,74.9,12.0,3.0,7.8,4.0,4.0,1800.0,4.0,91.0,Medio
38.0,98.0,6.4,3.0,9.6,4.0,7.0,1800.0,4.0,166.0,Bajo
20.0,89.2,5.7,2.0,5.3,5.0,7.0,1800.0,2.0,136.0,Medio
38.0,85.2,10.3,6.0,9.1,1.0,6.0,1800.0,2.0,21.0,Medio
27.0,95.1,4.8,2.0,6.5,5.0,7.0,1800.0,1.0,25.0,Bajo
30.0,88.3,5.2,4.0,6.7,3.0,7.0,1800.0,3.0,119.0,Medio
21.0,97.8,7.0,3.0,5.7,4.0,2.0,1560.0,1.0,124.0,Bajo
32.0,94.0,7.0,3.0,5.9,4.0,6.0,1800.0,1.0,53.0,Medio
22.0,101.8,7.8,5.0,7.7,2.0,7.0,1800.0,3.0,211.0,Medio
24.0,86.7,13.3,6.0,5.9,1.0,9.0,1800.0,5.0,157.0,Alto
34.0,93.8,8.0,1.0,8.1,6.0,10.0,1800.0,3.0,56.0,Bajo
19.0,78.0,1.0,3.0,6.4,4.0,4.0,367.0,6.0,49.0,Bajo
28.0,74.2,8.0,1.0,5.7,6.0,6.0,1800.0,1.0,84.0,Medio
31.0,104.2,7.1,3.0,6.6,4.0,4.0,1800.0,0.0,77.0,Bajo
21.0,84.8,7.1,4.0,7.6,3.0,9.0,1800.0,4.0,188.0,Alto
24.0,92.5,7.7,3.0,6.9,4.0,8.0,1800.0,1.0,169.0,Bajo
25.0,83.6,6.9,2.0,7.2,5.0,7.0,1800.0,2.0,102.0,Medio
33.0,74.4,6.8,2.0,8.0,5.0,7.0,1800.0,0.0,147.0,Bajo
40.0,82.1,8.8,2.0,8.5,5.0,9.0,1800.0,0.0,158.0,Bajo
37.0,100.7,5.4,2.0,6.8,5.0,9.0,1800.0,0.0,104.0,Medio
22.0,89.2,4.2,3.0,5.9,4.0,9.0,1800.0,1.0,128.0,Medio
18.0,59.8,16.1,5.0,7.3,2.0,7.0,1800.0,1.0,142.0,Medio
19.0,79.2,4.9,1.0,7.8,6.0,6.0,1800.0,2.0,134.0,Bajo
31.0,105.2,7.3,1.0,5.4,6.0,8.0,1800.0,5.0,45.0,Bajo
21.0,79.2,2.5,4.0,6.1,3.0,8.0,1800.0,4.0,53.0,Medio
23.0,58.6,7.3,5.0,6.3,2.0,6.0,1800.0,0.0,80.0,Bajo
37.0,106.6,4.2,2.0,7.0,5.0,6.0,1800.0,3.0,51.0,Bajo
38.0,90.9,5.7,2.0,6.3,5.0,9.0,1800.0,2.0,0.0,Medio
37.0,81.1,10.1,4.0,8.0,3.0,9.0,1800.0,2.0,147.0,Bajo
23.0,77.2,8.4,3.0,5.3,4.0,5.0,1800.0,2.0,124.0,Medio
32.0,96.1,8.7,5.0,5.3,2.0,6.0,1800.0,3.0,6.0,Medio
32.0,75.0,1.7,1.0,6.8,6.0,7.0,1223.0,1.0,83.0,Bajo
22.0,96.9,12.5,1.0,7.0,6.0,7.0,1800.0,2.0,87.0,Bajo
30.0,89.0,3.4,4.0,5.5,3.0,6.0,1800.0,5.0,113.0,Medio
30.0,85.2,11.6,3.0,6.5,4.0,10.0,1800.0,1.0,24.0,Medio
27.0,83.9,10.1,5.0,6.7,2.0,7.0,1800.0,0.0,5.0,Medio
35.0,79.7,8.7,4.0,6.7,3.0,7.0,1800.0,2.0,136.0,Medio
33.0,95.6,4.4,3.0,7.4,4.0,10.0,1800.0,0.0,0.0,Bajo
30.0,70.8,7.5,1.0,6.4,6.0,6.0,1800.0,0.0,84.0,Bajo
34.0,60.9,5.6,1.0,9.0,6.0,6.0,1800.0,2.0,77.0,Bajo
35.0,90.0,7.1,5.0,7.8,2.0,4.0,1800.0,5.0,91.0,Medio
31.0,90.2,6.3,2.0,6.2,5.0,6.0,1800.0,2.0,118.0,Bajo
24.0,88.2,1.0,4.0,7.3,3.0,4.0,429.0,3.0,212.0,Bajo
35.0,87.3,10.4,5.0,7.3,2.0,8.0,1800.0,0.0,0.0,Medio
34.0,77.8,6.8,6.0,8.7,1.0,7.0,1800.0,3.0,161.0,Medio
40.0,92.2,5.5,2.0,6.5,5.0,6.0,1800.0,2.0,0.0,Bajo
21.0,81.4,5.3,1.0,8.1,6.0,6.0,1800.0,1.0,198.0,Bajo
27.0,75.7,8.1,5.0,7.3,2.0,8.0,1800.0,3.0,0.0,Medio
39.0,77.9,4.3,5.0,9.0,2.0,4.0,1800.0,3.0,271.0,Medio
29.0,108.3,1.0,2.0,8.7,5.0,7.0,797.0,0.0,73.0,Bajo
39.0,59.4,8.2,4.0,7.4,3.0,8.0,1800.0,3.0,190.0,Medio
18.0,88.5,8.6,2.0,6.9,5.0,3.0,1800.0,5.0,176.0,Medio
18.0,60.2,6.4,5.0,7.8,2.0,8.0,1800.0,2.0,69.0,Bajo
36.0,80.6,3.6,5.0,7.0,2.0,3.0,1115.0,0.0,75.0,Bajo
26.0,76.4,7.3,2.0,9.2,5.0,6.0,1800.0,2.0,41.0,Bajo
29.0,54.9,2.6,3.0,7.3,4.0,4.0,1019.0,4.0,155.0,Bajo
27.0,87.1,3.9,3.0,6.7,4.0,9.0,1800.0,0.0,70.0,Medio
27.0,77.1,4.7,1.0,6.6,6.0,4.0,1800.0,3.0,43.0,Bajo
39.0,54.7,9.5,1.0,5.7,6.0,4.0,1800.0,1.0,138.0,Bajo
20.0,92.9,5.9,6.0,7.9,1.0,7.0,1800.0,3.0,37.0,Bajo
35.0,100.7,5.7,3.0,6.2,4.0,6.0,1800.0,1.0,77.0,Medio
38.0,101.4,12.9,1.0,8.5,6.0,4.0,1800.0,1.0,107.0,Bajo
33.0,86.7,8.1,1.0,5.6,6.0,7.0,1800.0,5.0,55.0,Medio
27.0,82.6,8.0,3.0,7.4,4.0,3.0,1800.0,0.0,66.0,Bajo
21.0,99.3,5.9,6.0,8.6,1.0,5.0,1800.0,3.0,207.0,Medio
33.0,103.9,5.2,3.0,4.6,4.0,5.0,1800.0,6.0,86.0,Medio
28.0,96.7,1.0,6.0,9.6,1.0,8.0,816.0,4.0,75.0,Bajo
21.0,69.8,9.9,3.0,6.7,4.0,9.0,1800.0,0.0,88.0,Medio
26.0,84.6,8.3,5.0,7.4,2.0,8.0,1800.0,0.0,132.0,Medio
40.0,87.7,6.5,5.0,7.9,2.0,6.0,1800.0,1.0,28.0,Bajo
24.0,58.5,6.6,1.0,8.1,6.0,2.0,1255.0,3.0,130.0,Bajo
22.0,88.1,9.2,1.0,7.5,6.0,7.0,1800.0,3.0,118.0,Medio
33.0,111.5,2.3,6.0,8.4,1.0,9.0,1800.0,0.0,0.0,Bajo
22.0,90.3,5.2,6.0,7.8,1.0,9.0,1800.0,0.0,226.0,Medio
39.0,101.2,3.6,1.0,9.3,6.0,7.0,1800.0,1.0,202.0,Bajo
37.0,84.4,12.3,4.0,7.8,3.0,4.0,1800.0,2.0,44.0,Medio
40.0,81.0,9.6,6.0,9.6,1.0,6.0,1800.0,6.0,21.0,Medio
38.0,87.0,1.0,6.0,8.3,1.0,10.0,1083.0,0.0,116.0,Bajo
23.0,71.4,2.5,2.0,7.2,5.0,4.0,1123.0,0.0,0.0,Bajo
22.0,69.5,6.6,5.0,10.0,2.0,4.0,1800.0,0.0,195.0,Bajo
25.0,98.5,5.6,4.0,6.5,3.0,8.0,1800.0,3.0,67.0,Bajo
28.0,99.8,3.0,6.0,9.0,1.0,6.0,1800.0,2.0,214.0,Bajo
38.0,69.1,12.8,1.0,7.2,6.0,4.0,1800.0,0.0,42.0,Bajo
34.0,94.6,7.9,4.0,8.5,3.0,9.0,1800.0,1.0,92.0,Bajo
32.0,80.9,8.4,1.0,6.4,6.0,7.0,1800.0,1.0,189.0,Medio
38.0,86.4,4.9,3.0,8.0,4.0,6.0,1800.0,3.0,77.0,Bajo
32.0,88.0,9.2,1.0,6.9,6.0,4.0,1800.0,8.0,119.0,Medio
26.0,94.9,5.9,3.0,9.1,4.0,10.0,1800.0,3.0,176.0,Bajo
27.0,83.1,6.1,5.0,7.7,2.0,6.0,1800.0,2.0,61.0,Medio
29.0,100.3,8.8,4.0,8.3,3.0,9.0,1800.0,1.0,12.0,Medio
20.0,86.0,2.1,2.0,4.6,5.0,8.0,1645.0,0.0,0.0,Bajo
35.0,90.1,11.8,3.0,7.1,4.0,6.0,1800.0,4.0,141.0,Medio
33.0,71.2,7.5,3.0,7.7,4.0,6.0,1800.0,4.0,127.0,Bajo
34.0,110.1,10.8,5.0,7.5,2.0,9.0,1800.0,1.0,174.0,Medio
30.0,88.1,3.8,2.0,8.4,5.0,9.0,1800.0,5.0,81.0,Medio
36.0,91.3,4.2,1.0,6.8,6.0,3.0,1141.0,2.0,0.0,Bajo
39.0,61.1,3.5,4.0,7.3,3.0,7.0,1800.0,4.0,0.0,Medio
31.0,71.3,7.8,5.0,8.6,2.0,6.0,1800.0,3.0,300.0,Medio
28.0,98.1,7.2,3.0,4.5,4.0,5.0,1800.0,2.0,137.0,Medio
20.0,85.7,5.6,2.0,7.9,5.0,7.0,1800.0,0.0,110.0,Bajo
35.0,57.1,4.0,1.0,6.8,6.0,4.0,1627.0,2.0,120.0,Bajo
38.0,95.5,3.2,6.0,6.1,1.0,6.0,1800.0,4.0,0.0,Bajo
34.0,74.9,6.9,5.0,7.6,2.0,5.0,1800.0,1.0,44.0,Bajo
37.0,100.3,5.6,1.0,8.7,6.0,6.0,1800.0,3.0,222.0,Bajo
37.0,80.9,4.9,1.0,8.4,6.0,6.0,1800.0,0.0,146.0,Bajo
36.0,84.7,11.6,1.0,7.0,6.0,5.0,1800.0,4.0,47.0,Medio
29.0,97.3,6.8,3.0,8.3,4.0,9.0,1800.0,3.0,14.0,Bajo
20.0,70.3,10.8,5.0,8.2,2.0,7.0,1800.0,0.0,64.0,Medio
18.0,69.1,5.4,1.0,7.1,6.0,10.0,1800.0,2.0,78.0,Bajo
22.0,79.4,7.7,5.0,6.4,2.0,6.0,1800.0,4.0,243.0,Alto
27.0,92.8,6.8,1.0,6.4,6.0,6.0,1800.0,0.0,87.0,Bajo
35.0,64.7,1.9,5.0,8.2,2.0,10.0,1786.0,0.0,17.0,Medio
28.0,60.3,11.3,2.0,7.1,5.0,5.0,1800.0,2.0,96.0,Bajo
18.0,92.7,6.6,6.0,5.9,1.0,6.0,1800.0,6.0,119.0,Alto
22.0,74.2,9.2,3.0,5.2,4.0,8.0,1800.0,1.0,10.0,Bajo
40.0,76.9,4.7,2.0,8.2,5.0,4.0,1800.0,3.0,128.0,Medio
40.0,57.9,6.5,2.0,6.5,5.0,8.0,1800.0,3.0,185.0,Medio
26.0,73.2,4.4,5.0,7.6,2.0,8.0,1800.0,1.0,110.0,Medio
36.0,81.9,10.7,3.0,8.7,4.0,9.0,1800.0,3.0,44.0,Bajo
34.0,94.1,7.9,3.0,5.6,4.0,8.0,1800.0,1.0,63.0,Medio
39.0,72.0,8.1,5.0,7.1,2.0,9.0,1800.0,1.0,0.0,Medio
38.0,103.5,11.1,4.0,7.0,3.0,6.0,1800.0,0.0,91.0,Bajo
32.0,73.1,10.5,4.0,7.7,3.0,5.0,1800.0,2.0,122.0,Medio
27.0,73.1,9.3,3.0,8.7,4.0,10.0,1800.0,4.0,37.0,Medio
32.0,102.0,2.7,1.0,5.6,6.0,4.0,998.0,2.0,236.0,Bajo
25.0,84.7,4.9,1.0,7.9,6.0,4.0,1800.0,4.0,155.0,Bajo
26.0,74.8,4.0,1.0,8.4,6.0,8.0,1800.0,3.0,0.0,Bajo
32.0,80.0,9.2,4.0,7.0,3.0,9.0,1800.0,2.0,0.0,Medio
31.0,99.6,7.5,4.0,7.0,3.0,7.0,1800.0,1.0,31.0,Medio
31.0,101.1,2.8,5.0,7.7,2.0,8.0,1800.0,1.0,210.0,Medio
26.0,71.4,6.4,6.0,7.6,1.0,3.0,1800.0,0.0,162.0,Bajo
27.0,81.4,2.5,2.0,7.9,5.0,6.0,1565.0,2.0,214.0,Medio
18.0,83.2,6.8,6.0,7.9,1.0,3.0,1800.0,2.0,101.0,Medio
31.0,69.2,2.0,6.0,6.0,1.0,8.0,1645.0,6.0,85.0,Alto
31.0,81.3,8.6,4.0,8.4,3.0,4.0,1800.0,3.0,13.0,Bajo
39.0,82.1,8.1,4.0,8.6,3.0,4.0,1800.0,0.0,124.0,Bajo
29.0,96.8,12.7,2.0,7.4,5.0,7.0,1800.0,0.0,86.0,Medio
28.0,97.7,9.5,2.0,5.4,5.0,8.0,1800.0,2.0,84.0,Bajo
19.0,77.7,5.7,1.0,7.1,6.0,6.0,1800.0,4.0,213.0,Medio
22.0,79.2,9.5,4.0,7.4,3.0,8.0,1800.0,2.0,91.0,Medio
25.0,90.6,2.8,3.0,5.8,4.0,7.0,1800.0,3.0,193.0,Medio
26.0,74.4,4.1,2.0,6.8,5.0,6.0,1800.0,2.0,0.0,Bajo
26.0,89.7,8.0,1.0,5.5,6.0,5.0,1800.0,4.0,288.0,Bajo
27.0,80.9,1.0,1.0,7.9,6.0,8.0,879.0,0.0,74.0,Bajo
35.0,69.4,6.9,4.0,7.4,3.0,8.0,1800.0,5.0,150.0,Alto
21.0,69.6,3.9,5.0,5.2,2.0,8.0,1800.0,0.0,161.0,Medio
25.0,100.8,7.3,4.0,7.6,3.0,7.0,1800.0,4.0,65.0,Bajo
21.0,80.0,3.8,1.0,7.1,6.0,4.0,1426.0,2.0,157.0,Bajo
25.0,103.3,8.3,1.0,7.8,6.0,8.0,1800.0,2.0,161.0,Medio
33.0,75.3,7.1,1.0,6.7,6.0,6.0,1800.0,2.0,50.0,Bajo
19.0,85.8,11.2,5.0,6.2,2.0,6.0,1800.0,3.0,51.0,Alto
25.0,113.1,7.0,5.0,6.3,2.0,6.0,1800.0,3.0,103.0,Medio
18.0,68.3,4.7,2.0,6.6,5.0,5.0,1800.0,4.0,92.0,Bajo
39.0,57.3,6.3,1.0,7.2,6.0,8.0,1800.0,5.0,198.0,Medio
34.0,98.7,3.0,2.0,7.4,5.0,4.0,875.0,3.0,149.0,Bajo
23.0,71.3,8.2,5.0,7.0,2.0,5.0,1800.0,6.0,95.0,Medio
22.0,81.7,8.8,1.0,6.7,6.0,6.0,1800.0,2.0,142.0,Bajo
20.0,74.4,14.4,5.0,6.8,2.0,9.0,1800.0,4.0,0.0,Medio
28.0,85.5,5.1,3.0,10.0,4.0,8.0,1800.0,3.0,57.0,Bajo
35.0,69.6,6.2,1.0,6.3,6.0,4.0,1800.0,1.0,120.0,Bajo
31.0,79.7,5.3,6.0,6.5,1.0,9.0,1800.0,3.0,178.0,Alto
38.0,87.8,7.6,4.0,10.0,3.0,9.0,1800.0,3.0,114.0,Medio
25.0,68.9,8.1,5.0,7.7,2.0,4.0,1800.0,2.0,202.0,Medio
24.0,72.9,6.8,1.0,5.5,6.0,2.0,1345.0,3.0,161.0,Bajo
28.0,77.5,10.3,3.0,8.2,4.0,6.0,1800.0,4.0,66.0,Medio
22.0,63.4,5.1,4.0,6.1,3.0,9.0,1800.0,2.0,90.0,Medio
40.0,76.5,10.0,4.0,8.3,3.0,9.0,1800.0,0.0,129.0,Bajo
22.0,83.5,8.6,1.0,6.9,6.0,5.0,1800.0,6.0,69.0,Alto
29.0,76.8,7.0,4.0,6.7,3.0,10.0,1800.0,2.0,207.0,Bajo
30.0,78.5,6.1,6.0,9.1,1.0,2.0,1102.0,1.0,22.0,Bajo
